Name,Payload,Period,CriticalityLevel
mf0-1,623,56.950373992249084,0
mf0-1,291,123.78134791076144,1
mf0-1,None,None,2
mf1-2,1240,112.936599061579,0
mf1-2,870,242.16164744010217,1
mf1-2,431,501.041191104224,2
mf2-2,428,39.62568183467085,0
mf2-2,311,78.05157989698426,1
mf2-2,154,100.29511862036995,2
mf3,546,49.81200513385883,0
mf3,None,None,1
mf3,None,None,2
mf4-1,1204,105.08947768583677,0
mf4-1,757,225.82621452379428,1
mf4-1,None,None,2
mf5-2,505,47.64525590119855,0
mf5-2,308,67.88428886912055,1
mf5-2,180,98.71649821776882,2
mf6-2,1291,108.02677219897302,0
mf6-2,584,169.77803208149302,1
mf6-2,268,361.35052732429597,2
mf7,901,89.98261958355043,0
mf7,None,None,1
mf7,None,None,2
mf8,559,67.60600274644875,0
mf8,None,None,1
mf8,None,None,2
mf9-2,726,83.54629884060478,0
mf9-2,351,129.4982505300971,1
mf9-2,180,207.37772131670417,2
mf10-2,731,75.27575281642932,0
mf10-2,None,None,1
mf10-2,542,123.641216630923,2
mf11-2,870,75.4122171351885,0
mf11-2,545,95.45656447856,1
mf11-2,315,147.19465864858714,2
mf12-2,601,52.00857859841204,0
mf12-2,313,98.6107795795081,1
mf12-2,242,143.90903025432382,2
mf13-2,894,75.47894682531586,0
mf13-2,None,None,1
mf13-2,446,185.49914747376997,2
mf14,776,72.74690481358505,0
mf14,None,None,1
mf14,None,None,2
mf15-1,645,57.07745918001309,0
mf15-1,268,94.22434464358763,1
mf15-1,None,None,2
mf16-2,549,68.65666350015294,0
mf16-2,None,None,1
mf16-2,257,141.24814884630973,2
mf17-2,1165,102.01245848984043,0
mf17-2,878,223.81491748777776,1
mf17-2,403,346.65799822293764,2
mf18,1012,113.18694786302422,0
mf18,None,None,1
mf18,None,None,2
mf19-2,563,58.17129760813282,0
mf19-2,None,None,1
mf19-2,312,88.91590610468398,2
mf20-2,658,64.46047282813427,0
mf20-2,None,None,1
mf20-2,303,83.37722732533935,2
mf21-1,820,76.51680517880888,0
mf21-1,449,114.00782727769065,1
mf21-1,None,None,2
mf22-2,815,90.48017803122227,0
mf22-2,332,133.28192694782865,1
mf22-2,188,332.84397909497676,2
mf23-2,539,54.040720022793586,0
mf23-2,267,117.50203381690292,1
mf23-2,213,183.64614097926608,2
mf24-2,999,85.47700629108667,0
mf24-2,678,108.84698786882335,1
mf24-2,460,266.67885970704805,2
mf25-1,1326,115.79331750079066,0
mf25-1,639,162.84390005015885,1
mf25-1,None,None,2
mf26-2,571,69.87254088907927,0
mf26-2,444,149.0560140123502,1
mf26-2,294,195.11585830700787,2
mf27-1,574,51.90346703446842,0
mf27-1,410,126.04733523348243,1
mf27-1,None,None,2
mf28-2,329,35.55620870253569,0
mf28-2,229,79.11339834388376,1
mf28-2,131,155.90147137069556,2
mf29-2,898,99.38289023305356,0
mf29-2,368,155.58015449851197,1
mf29-2,185,238.81856036997044,2
mf30-2,361,31.469735821495934,0
mf30-2,262,43.42578265508727,1
mf30-2,138,55.038071657982094,2
mf31-2,899,79.42839010693018,0
mf31-2,614,126.70245900872129,1
mf31-2,451,222.8162608978975,2
mf32-2,317,36.7623860526929,0
mf32-2,None,None,1
mf32-2,163,76.53351531124751,2
mf33-1,852,99.32370500805347,0
mf33-1,669,134.10707053868012,1
mf33-1,None,None,2
mf34-1,858,88.81373601185558,0
mf34-1,629,148.68337728306082,1
mf34-1,None,None,2
mf35-2,404,33.79570887049559,0
mf35-2,None,None,1
mf35-2,163,72.43391099684912,2
mf36-2,855,84.20514824875642,0
mf36-2,608,134.46861988223543,1
mf36-2,476,312.99675102673217,2
mf37-2,903,106.77151875631009,0
mf37-2,510,211.7123177904743,1
mf37-2,298,270.7137603682882,2
mf38-2,420,47.410460512385434,0
mf38-2,None,None,1
mf38-2,177,80.00831736471905,2
mf39-2,919,82.13864972506256,0
mf39-2,None,None,1
mf39-2,400,193.23785542799993,2
mf40,554,63.44283446519749,0
mf40,None,None,1
mf40,None,None,2
mf41-2,319,34.84135272098495,0
mf41-2,None,None,1
mf41-2,224,51.88204370641419,2
mf42-2,679,81.60671472709083,0
mf42-2,517,182.1100289924867,1
mf42-2,374,248.41116367727037,2
mf43-1,389,47.36004750716367,0
mf43-1,218,104.6470235958965,1
mf43-1,None,None,2
mf44-2,946,106.19465073749845,0
mf44-2,583,236.12549559917392,1
mf44-2,384,299.7140450973725,2
mf45-1,882,109.4232568530053,0
mf45-1,658,150.10781543535742,1
mf45-1,None,None,2
mf46-2,973,85.70247031767778,0
mf46-2,590,183.0991738539911,1
mf46-2,391,367.310919648636,2
mf47-1,832,71.25314910980336,0
mf47-1,657,175.53628321947815,1
mf47-1,None,None,2
mf48-2,947,83.30091333598088,0
mf48-2,663,180.29436932537322,1
mf48-2,462,250.0862318302635,2
mf49-2,343,41.92467284578814,0
mf49-2,258,73.79436856522437,1
mf49-2,189,124.14220408970337,2
mf50-2,260,31.580490341458926,0
mf50-2,None,None,1
mf50-2,195,45.480083444316,2
mf51,859,79.88409398853464,0
mf51,None,None,1
mf51,None,None,2
mf52-2,757,85.96649785984192,0
mf52-2,478,156.45071613183487,1
mf52-2,337,370.5724726603853,2
mf53-1,470,39.31621677808242,0
mf53-1,325,84.03567459917842,1
mf53-1,None,None,2
mf54-2,656,73.30147999823276,0
mf54-2,458,123.37835443058201,1
mf54-2,184,251.79676688926915,2
mf55-1,1060,97.35268234101446,0
mf55-1,528,139.41793170679017,1
mf55-1,None,None,2
mf56-1,673,67.26280525560847,0
mf56-1,323,141.14787356202214,1
mf56-1,None,None,2
mf57-1,1023,95.07660784588914,0
mf57-1,782,159.5334485954765,1
mf57-1,None,None,2
mf58-2,1012,87.06210621973118,0
mf58-2,477,130.5999925429274,1
mf58-2,316,270.20936813211864,2
mf59-2,914,104.57676764236301,0
mf59-2,556,149.46620605090516,1
mf59-2,338,299.82673716040176,2
mf60-2,350,31.047471019367354,0
mf60-2,202,39.031135720483945,1
mf60-2,112,62.79244955107241,2
mf61-1,780,96.05236585656289,0
mf61-1,393,214.23844147232535,1
mf61-1,None,None,2
mf62-2,709,72.75877618529908,0
mf62-2,313,165.65406357236037,1
mf62-2,219,329.95957675220944,2
mf63-1,489,41.39566264882245,0
mf63-1,265,69.27256983914991,1
mf63-1,None,None,2
mf64-2,521,53.67056023346956,0
mf64-2,287,83.76033814144141,1
mf64-2,212,125.06546025958558,2
mf65-2,895,83.82878604733881,0
mf65-2,409,131.4809538233971,1
mf65-2,232,288.16187234310473,2
mf66-2,538,46.86732767059701,0
mf66-2,355,58.90792460725407,1
mf66-2,257,90.69530779669545,2
mf67-2,577,57.79644349758547,0
mf67-2,345,141.75657718439075,1
mf67-2,206,218.31172755853387,2
mf68-2,751,71.61539424153246,0
mf68-2,522,104.78744885337146,1
mf68-2,248,210.74791206258195,2
mf69-1,534,65.05940732836834,0
mf69-1,234,136.20507889356702,1
mf69-1,None,None,2
mf70-2,1313,110.05652589582866,0
mf70-2,647,169.17224879262898,1
mf70-2,278,212.9856554656262,2
mf71-2,985,110.25071572535036,0
mf71-2,605,240.77776502609797,1
mf71-2,481,389.82022669320907,2
mf72-1,646,57.58669580125275,0
mf72-1,496,141.75383769790557,1
mf72-1,None,None,2
mf73,313,37.38982833058005,0
mf73,None,None,1
mf73,None,None,2
mf74-2,1118,94.20220063995451,0
mf74-2,638,204.1803287291826,1
mf74-2,393,256.19285837869967,2
mf75-2,1094,116.57873731734746,0
mf75-2,485,153.6169872884816,1
mf75-2,312,223.02397705033096,2
mf76-2,779,81.9354083097718,0
mf76-2,None,None,1
mf76-2,601,158.73733128983693,2
mf77-2,533,45.8396334601675,0
mf77-2,325,95.78861046794957,1
mf77-2,202,205.5754564913816,2
mf78-2,317,32.46645883677902,0
mf78-2,150,49.31698887480853,1
mf78-2,119,62.795706446625545,2
mf79-2,1014,88.55657592487684,0
mf79-2,None,None,1
mf79-2,648,157.3980128641997,2
mf80-2,862,101.10694988186344,0
mf80-2,636,242.08786939650963,1
mf80-2,342,338.87793114649145,2
mf81-2,353,44.099852198250666,0
mf81-2,149,94.18396723281829,1
mf81-2,80,196.91428969913147,2
mf82-1,601,64.7062662413255,0
mf82-1,401,84.54450443812578,1
mf82-1,None,None,2
mf83-2,581,63.768515838782015,0
mf83-2,353,146.7374866111052,1
mf83-2,248,260.9368130611622,2
mf84-2,1158,112.46082947365161,0
mf84-2,843,278.0598238679665,1
mf84-2,542,362.1247652991543,2
mf85-1,408,41.96720294183473,0
mf85-1,263,76.33299910241843,1
mf85-1,None,None,2
mf86,1400,119.27398216688034,0
mf86,None,None,1
mf86,None,None,2
mf87-2,594,50.6657871556515,0
mf87-2,306,66.3142079050463,1
mf87-2,228,88.52894032946328,2
mf88-2,1131,95.3327069712464,0
mf88-2,717,165.36899700078536,1
mf88-2,346,327.45403737114594,2
mf89-2,1033,102.94851964618549,0
mf89-2,487,134.7895277430053,1
mf89-2,389,174.18734104182548,2
mf90-2,1030,115.56063067160754,0
mf90-2,None,None,1
mf90-2,766,183.07539738913698,2
mf91,898,78.1528150880498,0
mf91,None,None,1
mf91,None,None,2
mf92-2,488,53.43352037880597,0
mf92-2,None,None,1
mf92-2,380,83.11378298577988,2
mf93-1,349,31.466154903930104,0
mf93-1,159,68.22510619574645,1
mf93-1,None,None,2
mf94-1,964,109.28153724836164,0
mf94-1,488,210.38620283208166,1
mf94-1,None,None,2
mf95-2,774,65.07860036917327,0
mf95-2,602,119.53302233802039,1
mf95-2,352,256.971733798639,2
mf96,771,84.28668126650075,0
mf96,None,None,1
mf96,None,None,2
mf97-1,490,55.81422687107757,0
mf97-1,297,104.11599705879914,1
mf97-1,None,None,2
mf98-2,682,61.112251564920186,0
mf98-2,350,85.13453264000978,1
mf98-2,145,111.8558574738473,2
mf99-2,948,93.65528920933808,0
mf99-2,514,176.2889011091585,1
mf99-2,293,329.9802746626645,2
mf100-2,1039,92.64054530458512,0
mf100-2,530,116.84877271541642,1
mf100-2,332,174.43875020780095,2
mf101-2,765,75.17803819448272,0
mf101-2,None,None,1
mf101-2,371,94.33582495890256,2
mf102-1,637,69.1494213071087,0
mf102-1,352,89.15849970751162,1
mf102-1,None,None,2
mf103-2,995,88.32791085310885,0
mf103-2,568,142.99964809044437,1
mf103-2,227,188.27598814140495,2
mf104,382,33.56342162611412,0
mf104,None,None,1
mf104,None,None,2
mf105-1,459,47.14606913814845,0
mf105-1,290,93.86826852163294,1
mf105-1,None,None,2
mf106-2,495,58.19205716992619,0
mf106-2,387,134.3092044100694,1
mf106-2,156,264.55082285691867,2
mf107-1,481,47.536959316771146,0
mf107-1,200,71.67092520540088,1
mf107-1,None,None,2
mf108-2,467,42.937739404378256,0
mf108-2,327,71.481146274001,1
mf108-2,168,90.08475245416166,2
mf109-1,378,38.24404258711105,0
mf109-1,254,62.13592041612995,1
mf109-1,None,None,2
mf110-2,835,71.82023813993571,0
mf110-2,None,None,1
mf110-2,539,109.95545038631921,2
mf111-2,827,88.12359095264819,0
mf111-2,None,None,1
mf111-2,344,123.15465262841634,2
mf112-2,548,58.26094544074271,0
mf112-2,232,86.19338948258599,1
mf112-2,128,174.93137152204395,2
mf113-2,918,94.08834484950867,0
mf113-2,654,127.1847629856812,1
mf113-2,404,255.32586932427847,2
mf114-2,1024,104.82008288405751,0
mf114-2,480,177.49529625004973,1
mf114-2,231,425.3584155417559,2
mf115-2,380,40.77636200284492,0
mf115-2,287,54.86213866800831,1
mf115-2,162,99.62987480039263,2
mf116-1,1010,117.45727442835656,0
mf116-1,600,249.63770247839702,1
mf116-1,None,None,2
mf117-1,1240,115.57668546442999,0
mf117-1,817,196.86584944484738,1
mf117-1,None,None,2
mf118-2,862,77.41773801088338,0
mf118-2,645,168.85810471725696,1
mf118-2,324,224.35703482783993,2
mf119-1,473,50.36945503842604,0
mf119-1,197,71.93453176492554,1
mf119-1,None,None,2
mf120-2,861,92.05312121419257,0
mf120-2,669,198.64842023940744,1
mf120-2,477,444.09555816113505,2
mf121-2,524,58.324003601652464,0
mf121-2,None,None,1
mf121-2,317,134.39209771700843,2
mf122,674,67.01619882928996,0
mf122,None,None,1
mf122,None,None,2
mf123-1,636,71.55781237133306,0
mf123-1,334,110.27089488386777,1
mf123-1,None,None,2
mf124-2,1000,106.6305812520293,0
mf124-2,515,158.96874385202264,1
mf124-2,339,219.36106776532392,2
mf125-2,451,41.701182486729635,0
mf125-2,223,73.6107160587196,1
mf125-2,126,102.19934987626249,2
mf126-1,1378,115.47679233628008,0
mf126-1,981,155.34949401948467,1
mf126-1,None,None,2
mf127-1,887,83.27554694084924,0
mf127-1,613,201.5786340897921,1
mf127-1,None,None,2
mf128-2,574,69.68847148498851,0
mf128-2,None,None,1
mf128-2,402,118.55511831727293,2
mf129-1,957,80.7787325241931,0
mf129-1,661,126.82808510774242,1
mf129-1,None,None,2
mf130-2,639,67.66584473366166,0
mf130-2,501,114.78388260583161,1
mf130-2,226,170.71244073978448,2
mf131-1,388,33.34406412326418,0
mf131-1,193,74.60844386061021,1
mf131-1,None,None,2
mf132-1,413,34.99099884026169,0
mf132-1,260,77.38016493684131,1
mf132-1,None,None,2
mf133,985,85.73420864735556,0
mf133,None,None,1
mf133,None,None,2
mf134-1,794,72.5968028480964,0
mf134-1,325,113.12490353843238,1
mf134-1,None,None,2
mf135-2,947,104.00908672475626,0
mf135-2,746,150.5975679862543,1
mf135-2,370,304.05446750392935,2
mf136-2,1158,103.58922014609698,0
mf136-2,765,133.89794676424822,1
mf136-2,306,262.3694383737586,2
mf137-2,692,59.33206551793131,0
mf137-2,526,102.61744805259438,1
mf137-2,379,149.46924675029618,2
mf138-1,890,105.01913470787945,0
mf138-1,539,138.1528652604276,1
mf138-1,None,None,2
mf139-1,893,86.37109267926968,0
mf139-1,561,131.13601986005872,1
mf139-1,None,None,2
mf140-2,449,43.96852189357019,0
mf140-2,258,80.4524090473433,1
mf140-2,169,120.6285186692989,2
mf141-2,1060,98.02758763335554,0
mf141-2,714,139.1264123342211,1
mf141-2,409,235.38325904136246,2
mf142-1,733,85.30503406685628,0
mf142-1,484,147.3561482136937,1
mf142-1,None,None,2
mf143-1,349,40.85302027431952,0
mf143-1,193,61.51286221678996,1
mf143-1,None,None,2
mf144-2,493,53.550755858601306,0
mf144-2,377,90.43138639606639,1
mf144-2,227,174.69954450458496,2
mf145-2,950,91.12439784448344,0
mf145-2,643,117.742566167714,1
mf145-2,429,198.16610620909154,2
mf146-1,865,88.14567733049323,0
mf146-1,440,134.0022261027924,1
mf146-1,None,None,2
mf147-2,975,99.30153647259887,0
mf147-2,725,137.30871476038072,1
mf147-2,490,234.59203317890618,2
mf148-2,889,96.21982489262932,0
mf148-2,None,None,1
mf148-2,572,124.32783280762686,2
mf149-2,983,101.27060573485596,0
mf149-2,None,None,1
mf149-2,486,170.75585931095222,2
mf150-2,281,32.041336856118804,0
mf150-2,130,60.671313053563935,1
mf150-2,75,137.0531476895931,2
mf151-2,926,83.83582485499872,0
mf151-2,607,128.67836117690464,1
mf151-2,317,194.74679554445575,2
mf152-2,916,93.43664278872804,0
mf152-2,476,123.85004950746124,1
mf152-2,355,183.59264381837414,2
mf153-1,495,48.286964909724624,0
mf153-1,206,63.16598472045342,1
mf153-1,None,None,2
mf154-2,565,47.21833830873267,0
mf154-2,None,None,1
mf154-2,239,83.56931815615413,2
mf155-1,745,91.9065454796354,0
mf155-1,352,141.7255746058316,1
mf155-1,None,None,2
mf156-1,934,82.29288917680032,0
mf156-1,671,127.76993659358219,1
mf156-1,None,None,2
mf157-2,390,34.92801453770565,0
mf157-2,193,53.001650371863086,1
mf157-2,127,105.09100876837361,2
mf158-2,583,57.09929665653789,0
mf158-2,None,None,1
mf158-2,361,90.56009892018136,2
mf159-1,1399,117.7469339414726,0
mf159-1,860,184.38562858513353,1
mf159-1,None,None,2
mf160-2,865,99.53228569401007,0
mf160-2,655,230.55247477868377,1
mf160-2,309,355.55050110623677,2
mf161-1,807,80.68867404365078,0
mf161-1,339,115.85339587810914,1
mf161-1,None,None,2
mf162-2,1214,117.10694873645383,0
mf162-2,740,154.31068603709343,1
mf162-2,312,197.53947418720273,2
mf163-1,445,45.46763103398507,0
mf163-1,250,72.03721283573141,1
mf163-1,None,None,2
mf164-2,1084,102.80157986213898,0
mf164-2,526,144.00297027070107,1
mf164-2,286,263.3583032052869,2
mf165-2,331,30.391814721268332,0
mf165-2,163,45.583702906576185,1
mf165-2,92,87.62753307361778,2
mf166-2,859,93.22914225187768,0
mf166-2,401,215.32402217839862,1
mf166-2,274,319.19392633241347,2
mf167-2,997,108.91042253652489,0
mf167-2,None,None,1
mf167-2,618,227.10545790222702,2
mf168-2,841,93.00615264167294,0
mf168-2,None,None,1
mf168-2,589,131.27155638726003,2
mf169-2,869,90.88527104584114,0
mf169-2,614,206.30457770080602,1
mf169-2,365,374.4198977625631,2
mf170,718,72.40579063858561,0
mf170,None,None,1
mf170,None,None,2
mf171-2,1213,113.99613166366154,0
mf171-2,825,197.37375905659357,1
mf171-2,483,404.205425965179,2
mf172-2,339,31.663613798045823,0
mf172-2,None,None,1
mf172-2,232,57.54615244414071,2
mf173-2,669,66.22650589736062,0
mf173-2,322,95.56463952796305,1
mf173-2,141,139.44216742993274,2
mf174-2,1007,97.52897594717346,0
mf174-2,796,183.2758339687745,1
mf174-2,435,336.54146585805364,2
mf175-2,990,86.96403357328634,0
mf175-2,None,None,1
mf175-2,599,202.3174063594985,2
mf176-2,478,43.85152542669624,0
mf176-2,315,95.04385476447432,1
mf176-2,136,227.70490543642592,2
mf177-2,614,65.42731772854636,0
mf177-2,356,109.83043335450853,1
mf177-2,185,152.38175507173088,2
mf178,592,58.796334932131,0
mf178,None,None,1
mf178,None,None,2
mf179-1,935,101.02503836511741,0
mf179-1,504,146.64605232564062,1
mf179-1,None,None,2
mf180-1,927,114.82428629898473,0
mf180-1,492,231.11801162417058,1
mf180-1,None,None,2
mf181-1,765,70.39312477970213,0
mf181-1,338,102.38769803226171,1
mf181-1,None,None,2
mf182-2,1115,107.08083712200303,0
mf182-2,None,None,1
mf182-2,538,161.39945306287203,2
mf183-2,492,43.175492437125726,0
mf183-2,None,None,1
mf183-2,290,62.43262753431315,2
mf184-2,991,92.93676990973202,0
mf184-2,525,225.41464999145128,1
mf184-2,312,283.6230942210873,2
mf185-1,1084,111.29519377769739,0
mf185-1,652,169.6729047565155,1
mf185-1,None,None,2
mf186-2,668,76.43843585463839,0
mf186-2,415,96.63693596695148,1
mf186-2,313,153.36558304425145,2
mf187-1,955,90.81682173054685,0
mf187-1,600,156.46216384349134,1
mf187-1,None,None,2
mf188-2,661,66.07680485815649,0
mf188-2,471,90.06224986667094,1
mf188-2,268,205.02147706971343,2
mf189-2,599,55.89767640143799,0
mf189-2,453,74.276730527552,1
mf189-2,207,150.80201193745526,2
mf190-2,1054,95.12430245217077,0
mf190-2,597,152.24331126168752,1
mf190-2,355,284.0912946323503,2
mf191-1,952,81.07603818556318,0
mf191-1,667,134.77491426858091,1
mf191-1,None,None,2
mf192-2,650,55.987237046981356,0
mf192-2,488,88.2017520606689,1
mf192-2,358,154.04073398474353,2
mf193-2,1144,102.38872637828804,0
mf193-2,814,140.37247837576862,1
mf193-2,336,202.82948664285888,2
mf194-2,709,59.234252353948435,0
mf194-2,350,117.27051418616564,1
mf194-2,185,153.1394264563205,2
mf195-2,783,75.00020842355144,0
mf195-2,334,103.45985525523214,1
mf195-2,240,150.17913037264037,2
mf196-1,1064,90.8626730275596,0
mf196-1,503,117.47098945482662,1
mf196-1,None,None,2
mf197-2,1191,112.35353223587128,0
mf197-2,709,188.3301798881311,1
mf197-2,504,246.6358450940548,2
mf198-1,629,58.40299007120011,0
mf198-1,487,126.68440267066694,1
mf198-1,None,None,2
mf199-2,527,44.83176487401534,0
mf199-2,None,None,1
mf199-2,415,56.40546758802122,2
mf200-2,627,55.400977565345976,0
mf200-2,None,None,1
mf200-2,430,69.86158972621733,2
mf201-2,887,82.52117309208464,0
mf201-2,672,170.13392057751489,1
mf201-2,505,260.1243261275097,2
mf202-2,1103,113.10595871788236,0
mf202-2,687,183.6879231559772,1
mf202-2,391,350.705813729411,2
mf203-2,342,36.12089021510512,0
mf203-2,190,64.4098695245658,1
mf203-2,141,114.9895472325054,2
mf204,628,69.75124079910698,0
mf204,None,None,1
mf204,None,None,2
mf205-2,874,77.43159017049543,0
mf205-2,628,126.1903158138046,1
mf205-2,361,181.7521737331973,2
mf206-2,982,104.32547801797361,0
mf206-2,629,163.8387598726001,1
mf206-2,344,251.03024884795914,2
mf207-2,1130,94.86904569020614,0
mf207-2,859,205.84740332088484,1
mf207-2,383,271.6285590522768,2
mf208-2,509,58.15733643310843,0
mf208-2,350,101.72858137774476,1
mf208-2,263,184.08523607942746,2
mf209-1,506,52.6844269404681,0
mf209-1,349,76.5106329015213,1
mf209-1,None,None,2
mf210-2,530,48.902443860886684,0
mf210-2,None,None,1
mf210-2,346,109.65194115861608,2
mf211-1,460,47.32071868883704,0
mf211-1,297,65.5033288030196,1
mf211-1,None,None,2
mf212,1124,103.49072283308723,0
mf212,None,None,1
mf212,None,None,2
mf213-2,1036,102.56672927441463,0
mf213-2,773,182.53673385955202,1
mf213-2,318,237.61874853420122,2
mf214-2,480,43.06477138274269,0
mf214-2,369,97.8161598520594,1
mf214-2,242,137.753712664903,2
mf215-2,1182,105.51398435419657,0
mf215-2,756,200.92211053158957,1
mf215-2,426,344.6024694940911,2
mf216-2,1286,114.80111819258673,0
mf216-2,634,174.39325432652396,1
mf216-2,314,225.65350958219938,2
mf217-1,263,32.25369665751853,0
mf217-1,106,51.16816601054665,1
mf217-1,None,None,2
mf218-2,1086,98.14330193729062,0
mf218-2,545,244.18103725233243,1
mf218-2,320,435.54962439635125,2
mf219-2,946,103.96798557401459,0
mf219-2,425,180.80434258273482,1
mf219-2,328,342.09068033528035,2
mf220-2,1361,115.2190087646176,0
mf220-2,610,259.0335317083707,1
mf220-2,451,440.4453204032965,2
mf221-2,361,32.371600151374714,0
mf221-2,236,76.22299746511304,1
mf221-2,136,102.38505756149185,2
mf222-2,1090,92.490730656475,0
mf222-2,None,None,1
mf222-2,784,156.23812573870808,2
mf223-2,882,77.45308745796146,0
mf223-2,704,101.86740786353504,1
mf223-2,500,151.181124066946,2
mf224-1,547,56.90545675867894,0
mf224-1,362,75.95965188404973,1
mf224-1,None,None,2
mf225,446,41.05334822882419,0
mf225,None,None,1
mf225,None,None,2
mf226-2,403,40.97507776322095,0
mf226-2,267,83.77252635227724,1
mf226-2,127,138.60774296430532,2
mf227-2,312,31.49946470411074,0
mf227-2,None,None,1
mf227-2,134,40.57921825480179,2
mf228-1,985,100.88479328894141,0
mf228-1,756,252.14845633117363,1
mf228-1,None,None,2
mf229-2,513,46.51601379520129,0
mf229-2,266,58.68493426407382,1
mf229-2,156,107.49796074604978,2
mf230-2,382,36.000251377394896,0
mf230-2,156,46.952886490845444,1
mf230-2,88,76.53598838354027,2
mf231-2,327,33.121407137653286,0
mf231-2,137,44.05942626088982,1
mf231-2,87,73.67843020198465,2
mf232-1,616,72.90325169713073,0
mf232-1,415,156.784743046058,1
mf232-1,None,None,2
mf233,1113,106.60173130124822,0
mf233,None,None,1
mf233,None,None,2
mf234-1,1272,110.65122559689003,0
mf234-1,550,195.09405024366708,1
mf234-1,None,None,2
mf235-2,474,52.35839120510788,0
mf235-2,None,None,1
mf235-2,347,112.49586454254258,2
mf236-2,660,56.7883798978189,0
mf236-2,351,81.16775696317693,1
mf236-2,261,189.01966365250567,2
mf237-2,862,80.32430268694546,0
mf237-2,388,143.70577640425293,1
mf237-2,221,350.8898405592352,2
mf238-2,1157,101.65747269324697,0
mf238-2,462,180.6430190192075,1
mf238-2,298,284.7768240759113,2
mf239-2,950,107.89662373517547,0
mf239-2,625,148.60389421868007,1
mf239-2,384,230.39124645157705,2
mf240-2,678,75.90075811000517,0
mf240-2,340,145.05900957106365,1
mf240-2,188,290.66637332539875,2
mf241-1,658,55.85746008437688,0
mf241-1,416,91.35956858212205,1
mf241-1,None,None,2
mf242-2,321,39.450733391807354,0
mf242-2,None,None,1
mf242-2,168,56.00728174288279,2
mf243-2,326,36.19749331767169,0
mf243-2,253,60.84723350659248,1
mf243-2,176,98.76864577409212,2
mf244,811,80.88679553934092,0
mf244,None,None,1
mf244,None,None,2
mf245-2,907,87.62742752516452,0
mf245-2,557,179.04863486432512,1
mf245-2,296,439.15833748192523,2
mf246-1,580,60.04865527364033,0
mf246-1,279,93.78386102003164,1
mf246-1,None,None,2
mf247-1,1016,119.60603418158877,0
mf247-1,576,183.68110858750052,1
mf247-1,None,None,2
mf248-2,730,78.05205197917658,0
mf248-2,547,100.03346257789573,1
mf248-2,417,146.11923534096812,2
mf249-2,585,51.01451068709356,0
mf249-2,241,85.95903707121865,1
mf249-2,167,154.8671603456444,2
mf250-2,706,67.1731791167621,0
mf250-2,369,126.5571972191832,1
mf250-2,227,159.63709880654235,2
mf251-2,662,59.996236779300965,0
mf251-2,412,139.50620145638993,1
mf251-2,203,315.7440511689645,2
mf252-2,1064,91.2895591228442,0
mf252-2,569,213.06762917698217,1
mf252-2,355,330.2332886088831,2
mf253,1189,107.2857377265518,0
mf253,None,None,1
mf253,None,None,2
mf254-2,613,62.19365728084801,0
mf254-2,368,86.8614603162652,1
mf254-2,191,134.77995790999861,2
mf255-2,598,56.74568365413101,0
mf255-2,456,105.48719523273857,1
mf255-2,335,151.19494868838817,2
mf256-2,859,73.20329756151241,0
mf256-2,511,108.13278181512426,1
mf256-2,205,201.86774401979721,2
mf257-2,402,37.269190531776864,0
mf257-2,231,59.14406871537294,1
mf257-2,166,77.18560855736169,2
mf258,685,70.59686743747204,0
mf258,None,None,1
mf258,None,None,2
mf259-2,967,82.14469587580284,0
mf259-2,654,152.24616737089403,1
mf259-2,302,304.24217213260664,2
mf260-2,566,54.090988516845954,0
mf260-2,384,89.621543273135,1
mf260-2,300,159.0138877228121,2
mf261-1,995,92.78535010583155,0
mf261-1,473,145.4863902911277,1
mf261-1,None,None,2
mf262-2,413,37.94736728146563,0
mf262-2,288,70.45313554769064,1
mf262-2,166,151.06793146737388,2
mf263-2,692,78.76859066274443,0
mf263-2,431,156.52832568729275,1
mf263-2,183,244.24972471712178,2
mf264-2,426,51.426352608246134,0
mf264-2,183,104.94143031341652,1
mf264-2,75,164.15701544082458,2
mf265-1,731,84.74771002549676,0
mf265-1,556,145.50592169195875,1
mf265-1,None,None,2
mf266-2,426,41.97263564591859,0
mf266-2,311,83.50588699542241,1
mf266-2,219,155.47517142804963,2
mf267-2,350,33.80332104975889,0
mf267-2,174,43.05772423294162,1
mf267-2,73,90.29903462774665,2
mf268-1,409,49.16017930556603,0
mf268-1,226,109.98259454406461,1
mf268-1,None,None,2
mf269-2,511,43.46140305875949,0
mf269-2,387,71.13123411206178,1
mf269-2,162,101.52413406738724,2
mf270-2,919,95.64165449187387,0
mf270-2,448,177.97224565019016,1
mf270-2,206,334.21425955871496,2
mf271-1,1097,95.1597432900115,0
mf271-1,597,140.68363283075976,1
mf271-1,None,None,2
mf272-2,884,80.93591602716496,0
mf272-2,702,157.6319819847415,1
mf272-2,548,219.9683977110895,2
mf273-1,1060,110.939586593592,0
mf273-1,549,167.96963076291246,1
mf273-1,None,None,2
mf274-2,371,34.21952633295586,0
mf274-2,163,45.07038624484658,1
mf274-2,98,66.01156755100467,2
mf275-1,432,44.016456467776294,0
mf275-1,229,95.49357468922685,1
mf275-1,None,None,2
mf276-1,1023,99.9765541025725,0
mf276-1,772,146.17309122461046,1
mf276-1,None,None,2
mf277-2,554,55.877431240554984,0
mf277-2,266,95.2604422206119,1
mf277-2,162,153.0426077128799,2
mf278-2,643,56.456119121264564,0
mf278-2,306,96.64290206162217,1
mf278-2,235,151.14470578116143,2
mf279-1,1066,96.09735597984914,0
mf279-1,702,182.13522997596866,1
mf279-1,None,None,2
mf280,1270,110.70908979682942,0
mf280,None,None,1
mf280,None,None,2
mf281-1,361,44.19534454329616,0
mf281-1,189,79.77510612374581,1
mf281-1,None,None,2
mf282-2,1026,114.5755398414843,0
mf282-2,664,214.11684235051686,1
mf282-2,357,470.94100910154765,2
mf283-2,405,44.17538989967897,0
mf283-2,None,None,1
mf283-2,223,73.13683530639874,2
mf284-2,1291,119.77299774876376,0
mf284-2,699,251.0783420708164,1
mf284-2,338,318.0699004700872,2
mf285-2,977,117.6659354921835,0
mf285-2,441,274.7265997382921,1
mf285-2,259,518.5168218085355,2
mf286-2,451,42.78220796935398,0
mf286-2,209,72.93627073922492,1
mf286-2,97,98.97084325964562,2
mf287-2,1078,105.86171100958728,0
mf287-2,None,None,1
mf287-2,634,256.598089010984,2
mf288-1,372,38.72999732732913,0
mf288-1,273,69.54411619645627,1
mf288-1,None,None,2
mf289-1,1171,110.32968203245872,0
mf289-1,591,150.29791403281487,1
mf289-1,None,None,2
mf290-1,993,109.65377990195877,0
mf290-1,586,202.61232773638886,1
mf290-1,None,None,2
mf291-1,671,79.35175211338623,0
mf291-1,415,119.71134610475367,1
mf291-1,None,None,2
mf292-2,965,106.1882045545779,0
mf292-2,None,None,1
mf292-2,655,170.83380890033803,2
mf293-2,1041,94.11534611793526,0
mf293-2,710,158.41512036475518,1
mf293-2,358,201.5141571928973,2
mf294-2,579,68.75434920554667,0
mf294-2,358,94.0691557166017,1
mf294-2,282,188.46622544889064,2
mf295-2,565,50.71692252683001,0
mf295-2,406,117.59162216707455,1
mf295-2,284,266.56691491018506,2
mf296-2,758,72.98515321924265,0
mf296-2,564,159.1280289752583,1
mf296-2,388,315.45429346922,2
mf297-2,489,60.772438885170075,0
mf297-2,210,131.52593243579057,1
mf297-2,135,300.57953134251864,2
mf298-2,948,94.8047799566539,0
mf298-2,None,None,1
mf298-2,398,122.16563667385329,2
mf299-2,486,52.71470900734529,0
mf299-2,246,82.77348505265495,1
mf299-2,179,105.38374366601639,2
mf300-2,677,64.02951983051962,0
mf300-2,None,None,1
mf300-2,351,98.08994969191329,2
mf301-1,1315,112.62445571285342,0
mf301-1,685,162.5848370373448,1
mf301-1,None,None,2
mf302-2,951,101.49178918435219,0
mf302-2,507,156.5729381104105,1
mf302-2,343,216.29645301384025,2
mf303-1,1043,90.910807501162,0
mf303-1,570,125.01205014521629,1
mf303-1,None,None,2
mf304,353,34.616200862814004,0
mf304,None,None,1
mf304,None,None,2
mf305-2,722,74.10036844387739,0
mf305-2,None,None,1
mf305-2,306,182.66669256276785,2
mf306-2,528,49.341685927142045,0
mf306-2,279,85.49514667108933,1
mf306-2,125,130.74064407224793,2
mf307-1,518,51.43962440912766,0
mf307-1,216,80.4810404257419,1
mf307-1,None,None,2
mf308-2,448,40.41763264100236,0
mf308-2,243,76.82816549471966,1
mf308-2,171,153.16718048942855,2
mf309-2,1254,106.52395269419829,0
mf309-2,706,174.79416749416538,1
mf309-2,422,284.15314517259065,2
mf310-2,705,80.30916535678416,0
mf310-2,491,102.2858816641265,1
mf310-2,316,163.10309397094954,2
mf311-2,529,53.38368581397408,0
mf311-2,332,75.08251134683941,1
mf311-2,225,105.43944289935015,2
mf312-2,1224,110.18961773401617,0
mf312-2,None,None,1
mf312-2,852,202.47151529091158,2
mf313-2,698,58.24446132248033,0
mf313-2,557,108.76921937076207,1
mf313-2,388,221.47708885593408,2
mf314-2,315,35.70615473328077,0
mf314-2,248,56.896059355686276,1
mf314-2,124,77.57039456996988,2
mf315-2,805,76.83123909417131,0
mf315-2,626,147.82514698722795,1
mf315-2,410,224.32675299525914,2
mf316-2,1223,104.5511991711449,0
mf316-2,779,190.73058228976345,1
mf316-2,411,466.96309443359223,2
mf317-2,660,56.90287657223296,0
mf317-2,341,76.91107563367012,1
mf317-2,167,120.80538219486662,2
mf318-1,931,81.91472225777511,0
mf318-1,608,184.3673235980602,1
mf318-1,None,None,2
mf319-2,265,32.486285669014904,0
mf319-2,None,None,1
mf319-2,119,44.2461913556286,2
mf320-2,753,89.72923808326662,0
mf320-2,568,216.32219681749217,1
mf320-2,285,330.5044951319278,2
mf321-1,773,90.43623023904891,0
mf321-1,456,209.20418199424415,1
mf321-1,None,None,2
mf322-2,468,39.9061692160479,0
mf322-2,232,79.71162119120822,1
mf322-2,105,113.50732780094818,2
mf323,273,33.436000293564504,0
mf323,None,None,1
mf323,None,None,2
mf324-1,1134,119.5725630726732,0
mf324-1,558,166.3405292133075,1
mf324-1,None,None,2
mf325-1,1220,119.93392566876761,0
mf325-1,578,193.8360807305567,1
mf325-1,None,None,2
mf326-2,928,80.22218331837351,0
mf326-2,None,None,1
mf326-2,496,174.50819596967466,2
mf327-1,589,54.83833657121196,0
mf327-1,468,132.4110664334721,1
mf327-1,None,None,2
mf328-2,1024,110.41730258863284,0
mf328-2,675,222.13015383469633,1
mf328-2,434,536.1505767054701,2
mf329-1,965,105.55493726489918,0
mf329-1,769,134.8484668728735,1
mf329-1,None,None,2
mf330-2,668,58.04533657722041,0
mf330-2,497,120.21449702109143,1
mf330-2,210,251.24504267869085,2
mf331-2,1090,118.5290032072446,0
mf331-2,862,183.4286950490156,1
mf331-2,364,414.5811469061733,2
mf332-1,1281,117.69996057640154,0
mf332-1,596,170.75254902014638,1
mf332-1,None,None,2
mf333-2,1094,111.05025993527173,0
mf333-2,773,148.2377338071324,1
mf333-2,393,364.838559033631,2
mf334-2,322,36.883182451748816,0
mf334-2,129,59.30648411367378,1
mf334-2,88,110.75749238020624,2
mf335-2,507,50.17497874341704,0
mf335-2,356,124.83420778623487,1
mf335-2,163,281.07355556250394,2
mf336-1,970,100.28108186876815,0
mf336-1,746,250.21813624185026,1
mf336-1,None,None,2
mf337-2,1111,117.5378357264535,0
mf337-2,None,None,1
mf337-2,553,149.85969526525187,2
mf338-2,793,83.32268887322552,0
mf338-2,None,None,1
mf338-2,337,119.43968334227519,2
mf339-2,1111,109.35740705440595,0
mf339-2,848,138.37443206547172,1
mf339-2,574,240.7145468521713,2
mf340-1,1002,92.6729727251458,0
mf340-1,673,123.38826087929564,1
mf340-1,None,None,2
mf341-2,736,74.75172382768613,0
mf341-2,None,None,1
mf341-2,368,93.80229694912468,2
mf342-2,346,32.856856529767505,0
mf342-2,167,70.36018662635622,1
mf342-2,92,149.649586312361,2
mf343-2,1103,117.5170735853035,0
mf343-2,650,173.97642161102647,1
mf343-2,431,256.75699631199757,2
mf344-2,551,62.25731131893173,0
mf344-2,327,84.79059190647183,1
mf344-2,215,200.32830827751522,2
mf345-1,474,52.27574664349197,0
mf345-1,308,77.84122136271317,1
mf345-1,None,None,2
mf346-2,652,76.18051331253614,0
mf346-2,467,114.72222510564625,1
mf346-2,212,166.56846765915066,2
mf347-2,682,70.49578549312562,0
mf347-2,481,102.85411590974579,1
mf347-2,280,135.81603030434042,2
mf348-2,464,46.05588260673285,0
mf348-2,221,86.30594064445268,1
mf348-2,158,149.94535148552347,2
mf349-1,385,41.679164457792915,0
mf349-1,306,54.88218145973679,1
mf349-1,None,None,2
mf350-2,349,30.455684213636143,0
mf350-2,201,47.960555344225014,1
mf350-2,136,100.21199090963391,2
mf351-2,704,59.59227189995326,0
mf351-2,387,122.37022365419456,1
mf351-2,219,195.34087323878342,2
mf352-1,766,70.55700226583886,0
mf352-1,524,145.27735246612968,1
mf352-1,None,None,2
mf353-1,518,46.55093245731824,0
mf353-1,218,62.908358921835514,1
mf353-1,None,None,2
mf354-2,1008,87.30896028328408,0
mf354-2,434,186.98653630517978,1
mf354-2,176,279.2595775946201,2
mf355-2,437,41.431988075680565,0
mf355-2,307,59.346337109896055,1
mf355-2,138,86.56237172668318,2
mf356-1,655,78.30438462635361,0
mf356-1,332,120.58055339388241,1
mf356-1,None,None,2
mf357-1,591,61.19674135464922,0
mf357-1,369,109.55104788186568,1
mf357-1,None,None,2
mf358-2,629,63.33443955872361,0
mf358-2,464,102.54647663409702,1
mf358-2,231,187.62525939424228,2
mf359-1,1222,106.7165343853297,0
mf359-1,820,153.81648742638876,1
mf359-1,None,None,2
mf360-1,868,80.94762339523206,0
mf360-1,559,130.1321751758454,1
mf360-1,None,None,2
mf361-2,1059,106.06990858829344,0
mf361-2,None,None,1
mf361-2,834,165.62951996186393,2
mf362-1,1195,107.52545868282016,0
mf362-1,490,260.170882107669,1
mf362-1,None,None,2
mf363-2,1134,96.99164059371002,0
mf363-2,None,None,1
mf363-2,610,213.06859935844528,2
mf364-2,872,77.25976721339029,0
mf364-2,388,107.06747026336707,1
mf364-2,184,233.6946792729527,2
mf365-2,299,34.12189466300415,0
mf365-2,121,58.071306048968495,1
mf365-2,48,140.97231207888478,2
mf366-2,488,56.6477437584343,0
mf366-2,None,None,1
mf366-2,298,71.8993165450488,2
mf367,257,31.960110731168236,0
mf367,None,None,1
mf367,None,None,2
mf368-2,346,42.170386082933724,0
mf368-2,162,67.19490379100571,1
mf368-2,73,146.04274633485468,2
mf369-2,1162,112.58192691203436,0
mf369-2,730,161.99696121840802,1
mf369-2,367,246.28801427609227,2
mf370-2,654,58.23558863736133,0
mf370-2,None,None,1
mf370-2,274,93.9394186678835,2
mf371-2,445,48.71454065487495,0
mf371-2,228,66.8226510830662,1
mf371-2,182,155.07426568482828,2
mf372-1,535,49.317087769126836,0
mf372-1,408,102.97658126825044,1
mf372-1,None,None,2
mf373-1,786,93.36862916814044,0
mf373-1,359,125.07269033395116,1
mf373-1,None,None,2
mf374-1,394,33.34641477366874,0
mf374-1,248,54.84221181983849,1
mf374-1,None,None,2
mf375-2,1193,110.69560456431762,0
mf375-2,820,150.6631169363263,1
mf375-2,447,218.0290152888694,2
mf376-2,720,79.80807263423405,0
mf376-2,None,None,1
mf376-2,440,119.61839675465866,2
mf377-2,1118,105.49900875817586,0
mf377-2,465,136.1208849433599,1
mf377-2,360,259.0101729263173,2
mf378-2,1041,95.90063626076004,0
mf378-2,None,None,1
mf378-2,427,178.06337189173016,2
mf379-2,1167,100.73271240036482,0
mf379-2,520,128.43475823683465,1
mf379-2,388,294.17401659550325,2
mf380-2,1001,85.93444754736527,0
mf380-2,None,None,1
mf380-2,511,176.38800086171804,2
mf381-2,417,39.79936209386949,0
mf381-2,316,74.88386852928426,1
mf381-2,191,105.5079504627173,2
mf382-1,1209,118.15836612316754,0
mf382-1,946,271.899614796718,1
mf382-1,None,None,2
mf383-2,1378,118.66891380847635,0
mf383-2,876,156.5109138000171,1
mf383-2,651,279.2276501481577,2
mf384-1,716,68.81001678848762,0
mf384-1,383,117.15073593305361,1
mf384-1,None,None,2
mf385-1,1175,98.45243906850298,0
mf385-1,785,139.2795100801655,1
mf385-1,None,None,2
mf386-1,280,31.83082290138615,0
mf386-1,197,60.13315656416773,1
mf386-1,None,None,2
mf387-2,540,47.206352972630626,0
mf387-2,None,None,1
mf387-2,362,92.13587296533883,2
mf388-2,477,57.030742731616286,0
mf388-2,342,98.80432542227413,1
mf388-2,262,153.035076310948,2
mf389-2,1001,95.27359311687464,0
mf389-2,666,196.44636036765567,1
mf389-2,315,322.24690069871946,2
mf390-2,828,91.8631040396831,0
mf390-2,531,123.89092765249441,1
mf390-2,376,293.97854526742856,2
mf391,485,43.816656006946914,0
mf391,None,None,1
mf391,None,None,2
mf392-2,495,54.39818546714653,0
mf392-2,315,70.06495988210357,1
mf392-2,191,106.96177571667135,2
mf393-2,535,47.81588716058809,0
mf393-2,285,109.71054851590466,1
mf393-2,164,139.9078408836273,2
mf394-2,850,83.85654276777848,0
mf394-2,341,131.83766803856312,1
mf394-2,258,311.431583527462,2
mf395-2,735,67.47625632547955,0
mf395-2,None,None,1
mf395-2,366,153.3927312378471,2
mf396-2,752,86.13069762712361,0
mf396-2,393,118.81784834953314,1
mf396-2,171,182.30650545628234,2
mf397-2,305,37.395937873043295,0
mf397-2,156,71.69017389766121,1
mf397-2,101,179.06879388201082,2
mf398-2,621,53.152009837947205,0
mf398-2,479,95.71768072592548,1
mf398-2,197,187.08536132304928,2
mf399-1,1109,98.58500216701344,0
mf399-1,688,218.406508963853,1
mf399-1,None,None,2
mf400-2,693,67.58533587820384,0
mf400-2,302,85.24612552418053,1
mf400-2,176,113.05147162757501,2
mf401-2,552,56.78194737659553,0
mf401-2,273,103.82029595356047,1
mf401-2,193,259.186274393319,2
mf402-2,1217,110.71679689998584,0
mf402-2,921,149.39786368345378,1
mf402-2,463,205.3260112635439,2
mf403-1,966,95.76550512896807,0
mf403-1,676,139.61487971716517,1
mf403-1,None,None,2
mf404-1,641,66.95143030213262,0
mf404-1,307,156.90106182821222,1
mf404-1,None,None,2
mf405-2,994,95.90841196411608,0
mf405-2,398,175.56392128871843,1
mf405-2,243,364.449924553317,2
mf406-2,1022,108.40887168859764,0
mf406-2,445,145.71720454279193,1
mf406-2,259,196.2604688495164,2
mf407-1,283,32.81449935991895,0
mf407-1,163,50.320851620963296,1
mf407-1,None,None,2
mf408-1,1000,104.78244075364502,0
mf408-1,591,139.9888999386924,1
mf408-1,None,None,2
mf409-2,596,58.59895786694899,0
mf409-2,296,118.15449516492578,1
mf409-2,157,264.41859273493026,2
mf410-2,681,84.33307940625468,0
mf410-2,369,147.5574127065861,1
mf410-2,242,226.01353214928145,2
mf411-2,392,36.488620599177544,0
mf411-2,182,59.57103357763445,1
mf411-2,90,97.97244343674221,2
mf412-2,921,90.71376855201821,0
mf412-2,511,202.5900794371252,1
mf412-2,215,337.8998284277928,2
mf413-2,412,50.26265454211691,0
mf413-2,None,None,1
mf413-2,269,69.19895657795841,2
mf414-1,936,88.14265970804053,0
mf414-1,625,114.38426692233749,1
mf414-1,None,None,2
mf415-1,1409,119.88619095889736,0
mf415-1,747,172.55934004065224,1
mf415-1,None,None,2
mf416-2,1017,111.2869455847284,0
mf416-2,642,166.03095240863934,1
mf416-2,373,228.91805760102787,2
mf417-2,721,64.57063738342448,0
mf417-2,533,118.923060437321,1
mf417-2,324,221.07262783706727,2
mf418-1,1006,83.88300091400458,0
mf418-1,628,108.25635034161388,1
mf418-1,None,None,2
mf419-2,739,85.4421053484626,0
mf419-2,None,None,1
mf419-2,406,175.84312850679993,2
mf420,754,91.3910223939354,0
mf420,None,None,1
mf420,None,None,2
mf421-2,660,67.21394833527339,0
mf421-2,345,103.2157743989705,1
mf421-2,190,157.3590173621695,2
mf422-2,861,86.1654313496231,0
mf422-2,472,136.48153291916054,1
mf422-2,365,323.02122166317594,2
mf423-2,943,92.27817730550663,0
mf423-2,689,131.36484356564247,1
mf423-2,471,177.31752591626167,2
mf424-1,806,84.07852872417322,0
mf424-1,357,141.45697299340935,1
mf424-1,None,None,2
mf425-2,450,45.287040868904086,0
mf425-2,233,56.99379018715783,1
mf425-2,108,78.5289084181017,2
mf426-2,721,83.98998768822315,0
mf426-2,501,115.84177212865198,1
mf426-2,339,208.14676239041893,2
mf427-2,388,39.63329453679067,0
mf427-2,191,53.398366993597726,1
mf427-2,125,96.64691598027547,2
mf428-1,545,57.60862631835013,0
mf428-1,377,98.2714378694726,1
mf428-1,None,None,2
mf429-2,905,75.52482079390622,0
mf429-2,677,135.53755932340238,1
mf429-2,307,221.40279722063752,2
mf430,423,40.97216332575022,0
mf430,None,None,1
mf430,None,None,2
mf431-2,794,78.64684194467979,0
mf431-2,317,145.99846653722324,1
mf431-2,248,191.8648393624097,2
mf432-2,397,47.88004340063708,0
mf432-2,None,None,1
mf432-2,269,91.79090680084688,2
mf433-2,1056,118.59208792660849,0
mf433-2,638,235.19215176017505,1
mf433-2,280,492.1352738173848,2
mf434-2,722,78.05353344387115,0
mf434-2,302,115.28727781651475,1
mf434-2,193,204.88306653717396,2
mf435-2,1099,107.30857480685712,0
mf435-2,737,205.2154909513882,1
mf435-2,519,319.0944237094337,2
mf436-2,795,88.80761328200002,0
mf436-2,None,None,1
mf436-2,633,153.1746199531715,2
mf437-2,862,82.3531067481517,0
mf437-2,372,107.83907197764998,1
mf437-2,245,140.46814523857176,2
mf438-1,359,35.60906434556926,0
mf438-1,183,57.84193999435236,1
mf438-1,None,None,2
mf439-2,472,58.17294940992636,0
mf439-2,300,75.76958116522103,1
mf439-2,192,149.13003969079094,2
mf440-1,445,51.313480506503446,0
mf440-1,328,66.62306915117973,1
mf440-1,None,None,2
mf441-2,1062,103.75421164952655,0
mf441-2,None,None,1
mf441-2,741,131.53934572848985,2
mf442-2,938,109.3772451065899,0
mf442-2,737,229.3770449739157,1
mf442-2,509,430.9182210061786,2
mf443-2,572,48.08369802118024,0
mf443-2,None,None,1
mf443-2,364,65.71804479831809,2
mf444-2,841,82.31595785779791,0
mf444-2,506,110.02426238247969,1
mf444-2,377,165.38743265577372,2
mf445,1063,101.50549956024646,0
mf445,None,None,1
mf445,None,None,2
mf446-2,588,50.126195913211504,0
mf446-2,265,67.67808615412393,1
mf446-2,121,113.7849044330119,2
mf447-2,1060,107.71159069633885,0
mf447-2,821,153.14577921941643,1
mf447-2,479,222.7280933752432,2
mf448-2,583,66.15836685908569,0
mf448-2,420,120.864201129017,1
mf448-2,196,198.38209620265505,2
mf449-1,976,115.98943302433507,0
mf449-1,670,232.73781190543136,1
mf449-1,None,None,2
mf450-2,968,116.07982424973616,0
mf450-2,579,190.3661190484637,1
mf450-2,302,395.0643005633959,2
mf451-2,691,79.67565421453804,0
mf451-2,439,131.21752823435264,1
mf451-2,323,281.4309570036047,2
mf452-2,581,57.65547212724536,0
mf452-2,None,None,1
mf452-2,456,75.23806334392349,2
mf453-1,482,45.07955581226803,0
mf453-1,292,84.6159948739533,1
mf453-1,None,None,2
mf454,906,86.72925209186667,0
mf454,None,None,1
mf454,None,None,2
mf455-1,626,61.33452575170223,0
mf455-1,486,93.93357599240866,1
mf455-1,None,None,2
mf456,696,60.68901247298847,0
mf456,None,None,1
mf456,None,None,2
mf457-2,489,45.197966773884744,0
mf457-2,None,None,1
mf457-2,197,62.668947926978355,2
mf458-2,423,52.91647966339926,0
mf458-2,242,66.63627183617737,1
mf458-2,107,116.96353734751423,2
mf459-2,545,58.97131476280549,0
mf459-2,400,103.59358928448755,1
mf459-2,188,159.97857474376477,2
mf460-2,446,52.75248018663325,0
mf460-2,203,76.6339170440647,1
mf460-2,121,127.90577510148658,2
mf461-2,834,97.93978139952124,0
mf461-2,None,None,1
mf461-2,554,137.1837766930255,2
mf462-2,1127,96.03012154472137,0
mf462-2,666,232.1042548662579,1
mf462-2,274,404.6602816645959,2
mf463-2,747,64.70747256702562,0
mf463-2,471,108.48745978019124,1
mf463-2,252,207.94874130021398,2
mf464-2,811,77.90075015232198,0
mf464-2,496,99.56357095479923,1
mf464-2,220,226.12777451477746,2
mf465-1,344,33.671111102589165,0
mf465-1,171,42.68615178042271,1
mf465-1,None,None,2
mf466-2,776,71.37018345113191,0
mf466-2,None,None,1
mf466-2,341,151.95849145230494,2
mf467,544,65.39659190245531,0
mf467,None,None,1
mf467,None,None,2
mf468-2,983,96.7481902251787,0
mf468-2,413,192.153230860825,1
mf468-2,278,248.3399765149403,2
mf469-2,1083,110.17515870604663,0
mf469-2,None,None,1
mf469-2,457,152.40038153732294,2
mf470-2,497,42.66126843520324,0
mf470-2,361,82.7000424430128,1
mf470-2,233,119.68492278664455,2
mf471,1118,98.07319652797577,0
mf471,None,None,1
mf471,None,None,2
mf472-2,646,73.06829071143085,0
mf472-2,408,125.51380686834553,1
mf472-2,204,291.19680692338,2
mf473-1,967,101.39450769524522,0
mf473-1,474,222.4659110096445,1
mf473-1,None,None,2
mf474-2,850,105.38115551585365,0
mf474-2,391,160.2486816580077,1
mf474-2,216,254.2348472446486,2
mf475-2,1077,94.2858295357641,0
mf475-2,778,133.71967564108274,1
mf475-2,544,323.24817328690574,2
mf476-1,1103,97.76103242933159,0
mf476-1,736,177.0263080860506,1
mf476-1,None,None,2
mf477-2,535,58.93885477303208,0
mf477-2,None,None,1
mf477-2,278,97.72438099999879,2
mf478-2,1058,103.03607373544038,0
mf478-2,671,199.53852677611513,1
mf478-2,520,446.0112229715067,2
mf479-2,1065,112.45904545411035,0
mf479-2,677,159.63196220360797,1
mf479-2,357,256.16309563545343,2
mf480-1,703,64.05752532917151,0
mf480-1,357,130.19330703802146,1
mf480-1,None,None,2
mf481-1,817,97.79773897988666,0
mf481-1,550,200.9347882634803,1
mf481-1,None,None,2
mf482-2,1129,99.11605715817191,0
mf482-2,704,220.53262238301934,1
mf482-2,500,401.5583258910894,2
mf483-1,439,41.63317723371243,0
mf483-1,311,82.98517174932674,1
mf483-1,None,None,2
mf484-2,845,74.48907119432911,0
mf484-2,482,136.28428728805585,1
mf484-2,307,220.06320424141575,2
mf485-2,846,93.89604956168796,0
mf485-2,421,160.36645020107642,1
mf485-2,183,384.47266266667276,2
mf486-2,708,70.44363640078451,0
mf486-2,None,None,1
mf486-2,356,138.76899238776983,2
mf487-1,1312,109.94146986676104,0
mf487-1,920,142.10112234025496,1
mf487-1,None,None,2
mf488-1,286,33.812056975873965,0
mf488-1,159,78.92433999692476,1
mf488-1,None,None,2
mf489-2,435,44.35213951584572,0
mf489-2,190,65.43713305231849,1
mf489-2,130,103.19027986731162,2
mf490-1,1359,119.89740579094087,0
mf490-1,988,153.39103367322923,1
mf490-1,None,None,2
mf491-2,470,47.76099080991686,0
mf491-2,226,99.41007019458871,1
mf491-2,148,234.30182131973623,2
mf492-1,917,93.20019562085189,0
mf492-1,574,192.17522957186688,1
mf492-1,None,None,2
mf493-1,1277,111.61317523861571,0
mf493-1,781,271.0283636341867,1
mf493-1,None,None,2
mf494-2,1012,86.31586433327976,0
mf494-2,454,161.25934591504551,1
mf494-2,182,270.9068238554842,2
mf495-1,439,53.140988068384274,0
mf495-1,222,66.9809665497524,1
mf495-1,None,None,2
mf496-2,841,95.2621967200642,0
mf496-2,577,126.29286177354564,1
mf496-2,311,209.6820308351515,2
mf497-1,590,52.130942527681654,0
mf497-1,421,81.40244082491331,1
mf497-1,None,None,2
mf498-2,731,78.90047765340059,0
mf498-2,564,107.29998724216512,1
mf498-2,323,144.62021917301485,2
mf499,949,107.7180895105291,0
mf499,None,None,1
mf499,None,None,2
mf500-2,892,86.7757047700495,0
mf500-2,542,111.0770729718646,1
mf500-2,253,161.12948812103025,2
mf501-2,1070,96.71364083804887,0
mf501-2,454,171.96650269942205,1
mf501-2,286,274.11738287575554,2
mf502-1,805,86.54701691989649,0
mf502-1,565,189.62245746587482,1
mf502-1,None,None,2
mf503-2,743,82.05938229054081,0
mf503-2,302,125.49150354872113,1
mf503-2,211,204.2304612905189,2
mf504-2,745,79.55674921261206,0
mf504-2,409,163.75629921966012,1
mf504-2,218,339.29758146885894,2
mf505-2,546,47.27698256301262,0
mf505-2,305,72.08843566812783,1
mf505-2,144,119.68217999021776,2
mf506-1,710,71.36713285304805,0
mf506-1,387,95.50747870903696,1
mf506-1,None,None,2
mf507-2,1006,84.25338870149548,0
mf507-2,460,155.54970223117493,1
mf507-2,276,213.34702454134495,2
mf508-2,467,55.10900886545315,0
mf508-2,328,99.88253944210025,1
mf508-2,135,154.46909560911894,2
mf509-1,632,69.23718591311317,0
mf509-1,498,134.3486184569894,1
mf509-1,None,None,2
mf510-1,1277,116.52027752623573,0
mf510-1,934,225.4604513563004,1
mf510-1,None,None,2
mf511-2,354,35.798825549146514,0
mf511-2,280,44.99792373543686,1
mf511-2,123,85.89490874732459,2
mf512-2,542,54.75978359819685,0
mf512-2,290,72.58473900516357,1
mf512-2,151,146.33759951187574,2
mf513-1,827,72.57597658630544,0
mf513-1,458,174.33844524780403,1
mf513-1,None,None,2
mf514-2,436,45.23178603074955,0
mf514-2,263,64.70594040027989,1
mf514-2,160,118.27143275479202,2
mf515-1,1047,100.07147253230141,0
mf515-1,449,182.17258442515353,1
mf515-1,None,None,2
mf516-2,312,30.79483350219374,0
mf516-2,165,50.77377517281153,1
mf516-2,74,126.02909974387542,2
mf517-2,667,72.34957805042394,0
mf517-2,None,None,1
mf517-2,268,94.788203602311,2
mf518-2,336,36.131972732089174,0
mf518-2,222,47.068316550230854,1
mf518-2,155,65.62315027779647,2
mf519-2,364,31.160537016774516,0
mf519-2,218,39.43207645992968,1
mf519-2,116,65.75508872187602,2
mf520-1,942,94.39478520052947,0
mf520-1,579,119.50425865748599,1
mf520-1,None,None,2
mf521-1,678,60.05849616384316,0
mf521-1,470,89.28715580397758,1
mf521-1,None,None,2
mf522-2,1384,117.52656483537116,0
mf522-2,821,182.57526554486773,1
mf522-2,483,339.4189437004196,2
mf523-2,684,61.977859214782924,0
mf523-2,496,99.4612346009923,1
mf523-2,215,126.02404901711166,2
mf524,799,96.71659474766443,0
mf524,None,None,1
mf524,None,None,2
mf525,472,47.58828626767077,0
mf525,None,None,1
mf525,None,None,2
mf526-2,1009,103.04053152417912,0
mf526-2,None,None,1
mf526-2,437,212.96256504682566,2
mf527-2,458,52.636092695328465,0
mf527-2,309,82.61178546189358,1
mf527-2,245,115.09217870132157,2
mf528-2,1076,114.11512101274353,0
mf528-2,577,145.2951704991032,1
mf528-2,335,187.41297288744713,2
mf529-1,777,93.25528731745952,0
mf529-1,325,165.78116896725456,1
mf529-1,None,None,2
mf530-2,562,49.262919831344654,0
mf530-2,None,None,1
mf530-2,255,70.64677414964564,2
mf531-2,527,47.476499744914435,0
mf531-2,None,None,1
mf531-2,326,70.3673701341474,2
mf532-2,590,49.42404830021148,0
mf532-2,323,69.90069218446821,1
mf532-2,211,98.60780205516866,2
mf533-2,920,86.08345419058679,0
mf533-2,None,None,1
mf533-2,537,139.67324597035793,2
mf534-1,729,67.52511122453663,0
mf534-1,546,109.22098977844846,1
mf534-1,None,None,2
mf535-2,317,37.74098662995483,0
mf535-2,215,92.03103359939561,1
mf535-2,122,132.66545094813554,2
mf536-2,478,57.91256296515249,0
mf536-2,347,104.90716887370182,1
mf536-2,236,148.71736507092444,2
mf537-2,497,49.9797570051539,0
mf537-2,206,78.40502682949048,1
mf537-2,105,123.5144717758063,2
mf538-2,422,39.57538677705671,0
mf538-2,218,68.79157172950006,1
mf538-2,98,116.67775556520006,2
mf539-2,907,93.09998995998205,0
mf539-2,None,None,1
mf539-2,668,123.86917179906825,2
mf540-1,1082,101.99809917027439,0
mf540-1,667,138.84932332510797,1
mf540-1,None,None,2
mf541-2,498,43.0043245736334,0
mf541-2,None,None,1
mf541-2,269,57.383035296477864,2
mf542-2,1173,116.51954118113207,0
mf542-2,509,202.1564972671705,1
mf542-2,366,352.2112343381958,2
mf543-2,645,74.8728217716529,0
mf543-2,416,142.2588345092873,1
mf543-2,209,265.44628255252553,2
mf544-2,837,78.17106154203725,0
mf544-2,443,172.09545688060768,1
mf544-2,265,223.65112202358114,2
mf545-2,728,77.15927204914527,0
mf545-2,384,121.99290542029777,1
mf545-2,243,259.05964308266465,2
mf546-1,404,49.75141136834738,0
mf546-1,168,86.19776235861568,1
mf546-1,None,None,2
mf547-2,1096,94.25892289173255,0
mf547-2,844,142.8128538543905,1
mf547-2,376,259.22013338576113,2
mf548-2,886,78.58929209679414,0
mf548-2,624,130.50126924897998,1
mf548-2,418,273.4740103808278,2
mf549-2,1064,115.42112432225242,0
mf549-2,524,148.1097267757529,1
mf549-2,290,229.93926101334526,2
mf550-1,281,30.352882197169173,0
mf550-1,193,65.09277926813658,1
mf550-1,None,None,2
mf551,754,73.87605407808442,0
mf551,None,None,1
mf551,None,None,2
mf552-1,1033,90.94838757758055,0
mf552-1,674,138.37127952162064,1
mf552-1,None,None,2
mf553-2,619,62.87360231465798,0
mf553-2,413,108.14918076464294,1
mf553-2,241,248.0247241884636,2
mf554-2,1193,112.42670474998411,0
mf554-2,818,150.5589765033161,1
mf554-2,587,253.87986995545563,2
mf555-2,1178,106.05735165353232,0
mf555-2,610,228.55199930407304,1
mf555-2,326,410.5424327172616,2
mf556-2,514,45.37274864257883,0
mf556-2,380,81.39639482449104,1
mf556-2,214,163.46514586804366,2
mf557-2,680,58.41745553018768,0
mf557-2,290,124.15645491693525,1
mf557-2,177,295.4546407304805,2
mf558-2,306,33.65116684051895,0
mf558-2,189,65.14281946909121,1
mf558-2,126,97.8566571617367,2
mf559-2,553,66.18643920489492,0
mf559-2,None,None,1
mf559-2,306,90.05360608777039,2
mf560-2,745,72.22907151533266,0
mf560-2,531,126.76352151818324,1
mf560-2,415,181.84233752646625,2
mf561-2,699,86.93711924504589,0
mf561-2,None,None,1
mf561-2,497,198.59383521028602,2
mf562-2,470,58.51005419003266,0
mf562-2,223,139.14981982496016,1
mf562-2,159,299.93424565607364,2
mf563-1,992,83.50164524857897,0
mf563-1,512,106.31880067307856,1
mf563-1,None,None,2
mf564,525,52.469512669562235,0
mf564,None,None,1
mf564,None,None,2
mf565-1,341,40.439095964929216,0
mf565-1,231,78.4803797603888,1
mf565-1,None,None,2
mf566-2,1025,118.07918631316133,0
mf566-2,645,230.88723448604563,1
mf566-2,265,562.5280022503249,2
mf567-2,395,36.23848594997266,0
mf567-2,172,80.29454797598943,1
mf567-2,113,151.1247318008653,2
mf568-2,956,105.18900944805505,0
mf568-2,572,230.03984666750037,1
mf568-2,288,547.184727637556,2
mf569-2,754,68.26939928875844,0
mf569-2,441,110.48851949196069,1
mf569-2,208,162.49894577123823,2
mf570-2,1191,118.60651965409326,0
mf570-2,490,282.7416675504397,1
mf570-2,389,673.8218213605269,2
mf571-2,1088,96.10757954136697,0
mf571-2,501,130.29725383891497,1
mf571-2,381,222.04593388650565,2
mf572-1,436,39.80561533698844,0
mf572-1,189,66.99344765812991,1
mf572-1,None,None,2
mf573-1,495,55.86109619209465,0
mf573-1,358,96.10215818088011,1
mf573-1,None,None,2
mf574-2,1069,90.06108496788084,0
mf574-2,584,115.72107030259694,1
mf574-2,361,221.5990866362926,2
mf575-2,653,72.2357710057191,0
mf575-2,468,116.50355922674181,1
mf575-2,284,283.4178853476686,2
mf576-1,685,82.0186177908031,0
mf576-1,516,115.71286730813726,1
mf576-1,None,None,2
mf577-2,523,50.03600665636866,0
mf577-2,None,None,1
mf577-2,229,88.54875739802941,2
mf578-1,942,85.56638782085055,0
mf578-1,640,209.9918545899204,1
mf578-1,None,None,2
mf579-2,672,61.221888014933036,0
mf579-2,None,None,1
mf579-2,277,90.05036567052628,2
mf580-1,796,83.32983552329479,0
mf580-1,516,122.97461057103158,1
mf580-1,None,None,2
mf581-2,652,64.29475372830076,0
mf581-2,497,90.42255300764772,1
mf581-2,296,156.55650521022307,2
mf582-1,479,57.62067411417294,0
mf582-1,254,78.65496087025768,1
mf582-1,None,None,2
mf583-2,401,38.95712810006506,0
mf583-2,291,51.75680248018685,1
mf583-2,209,99.77243879117349,2
mf584-2,537,58.080844776739866,0
mf584-2,None,None,1
mf584-2,279,138.21304840339994,2
mf585-1,525,56.355063480133985,0
mf585-1,407,92.89842474578091,1
mf585-1,None,None,2
mf586-2,871,108.28939996230176,0
mf586-2,None,None,1
mf586-2,452,261.96732749639284,2
mf587-1,407,49.92089131474226,0
mf587-1,163,76.2686977308155,1
mf587-1,None,None,2
mf588-2,651,58.7994739123525,0
mf588-2,383,90.88749827689703,1
mf588-2,279,121.38292157230545,2
mf589,332,30.64468400895474,0
mf589,None,None,1
mf589,None,None,2
mf590-1,582,61.68250653554492,0
mf590-1,413,150.75551326565594,1
mf590-1,None,None,2
mf591-1,637,65.67743338610892,0
mf591-1,335,89.00357735712852,1
mf591-1,None,None,2
mf592-2,1029,110.68657976500502,0
mf592-2,542,183.35464533198234,1
mf592-2,328,345.81825286394525,2
mf593-2,498,54.66310570453911,0
mf593-2,381,102.81902429033688,1
mf593-2,160,231.91270752929353,2
mf594-2,839,97.13391943377042,0
mf594-2,None,None,1
mf594-2,404,227.13993479836728,2
mf595-2,755,91.23967031040414,0
mf595-2,574,220.92182112897086,1
mf595-2,372,369.5096031362467,2
mf596,848,75.70056995165851,0
mf596,None,None,1
mf596,None,None,2
mf597-1,976,102.35010534929442,0
mf597-1,481,193.16436730732843,1
mf597-1,None,None,2
mf598-1,1054,110.71935283924626,0
mf598-1,780,184.36933704831065,1
mf598-1,None,None,2
mf599-1,1127,106.34062627579074,0
mf599-1,561,190.57187338467932,1
mf599-1,None,None,2
mf600-2,1013,117.25957292633828,0
mf600-2,None,None,1
mf600-2,425,170.28093764423775,2
mf601-2,599,65.13896454277747,0
mf601-2,478,94.00154525091023,1
mf601-2,334,208.26270734454008,2
mf602-2,740,69.56932619596765,0
mf602-2,322,104.2974731169152,1
mf602-2,207,232.60522778682204,2
mf603-2,523,48.068256803781395,0
mf603-2,241,114.15791597281275,1
mf603-2,103,146.2823569929762,2
mf604-2,620,54.85453940722414,0
mf604-2,None,None,1
mf604-2,424,72.57496399866945,2
mf605-2,801,85.53104766835004,0
mf605-2,386,123.80459221580828,1
mf605-2,192,179.38455995586096,2
mf606-1,956,94.43625782427094,0
mf606-1,451,139.33928210612234,1
mf606-1,None,None,2
mf607-2,1036,113.94959964731379,0
mf607-2,None,None,1
mf607-2,631,207.44853066996123,2
mf608,680,58.27095888644693,0
mf608,None,None,1
mf608,None,None,2
mf609-1,404,48.61583215083748,0
mf609-1,323,71.43932770392269,1
mf609-1,None,None,2
mf610-2,431,47.0262656225282,0
mf610-2,206,90.10762798624147,1
mf610-2,163,200.87936649586783,2
mf611-2,542,49.56562711201694,0
mf611-2,None,None,1
mf611-2,383,115.80283417886584,2
mf612-2,780,79.34715477514528,0
mf612-2,None,None,1
mf612-2,332,146.49876928924468,2
mf613-2,459,41.110866199062485,0
mf613-2,193,54.15140265166648,1
mf613-2,112,96.35647578734299,2
mf614-2,612,52.22564447940107,0
mf614-2,252,70.05804414121907,1
mf614-2,128,121.19651538505815,2
mf615,642,53.56828808046987,0
mf615,None,None,1
mf615,None,None,2
mf616-1,737,74.90287164416176,0
mf616-1,572,127.4919381028168,1
mf616-1,None,None,2
mf617-2,1056,98.7052642900994,0
mf617-2,815,124.398701319167,1
mf617-2,446,270.9092004508807,2
mf618-1,570,51.53910704578912,0
mf618-1,243,72.83701216480732,1
mf618-1,None,None,2
mf619-1,743,73.53102795201978,0
mf619-1,591,102.32803799610285,1
mf619-1,None,None,2
mf620-2,648,78.70228993816853,0
mf620-2,282,98.83600862887955,1
mf620-2,182,238.97714650203844,2
mf621-2,702,73.72738007160278,0
mf621-2,392,177.42349970826947,1
mf621-2,212,323.9152613410568,2
mf622-2,431,47.40903052384253,0
mf622-2,None,None,1
mf622-2,222,87.58233488219733,2
mf623-2,588,51.06602320002737,0
mf623-2,None,None,1
mf623-2,347,87.48627620512401,2
mf624-2,564,66.40664335519239,0
mf624-2,245,90.85829724559586,1
mf624-2,190,167.51464166398722,2
mf625-2,805,97.78810871090319,0
mf625-2,None,None,1
mf625-2,345,225.3068684056902,2
mf626-1,958,99.38400410489629,0
mf626-1,412,158.855578276054,1
mf626-1,None,None,2
mf627-2,571,56.11943721685674,0
mf627-2,None,None,1
mf627-2,248,70.90297772946046,2
mf628-2,942,87.25503152748757,0
mf628-2,687,200.4938634204797,1
mf628-2,504,252.42274261963485,2
mf629-2,746,92.53445268726401,0
mf629-2,362,137.87305271879285,1
mf629-2,249,239.94774342766235,2
mf630-1,495,61.13713983336635,0
mf630-1,347,144.61629614364298,1
mf630-1,None,None,2
mf631-2,506,54.16564735802085,0
mf631-2,None,None,1
mf631-2,324,120.20128091596504,2
mf632-2,297,30.36988324034703,0
mf632-2,233,59.70721836746701,1
mf632-2,116,74.81105531843279,2
mf633-2,568,50.52287677361443,0
mf633-2,None,None,1
mf633-2,284,78.38159736680085,2
mf634-1,500,49.464805025986465,0
mf634-1,359,72.0901886378746,1
mf634-1,None,None,2
mf635-1,451,50.93423486119032,0
mf635-1,280,108.91374769487949,1
mf635-1,None,None,2
mf636-2,1100,102.05129685893488,0
mf636-2,None,None,1
mf636-2,786,188.67935746363955,2
mf637-2,1047,94.61678679237517,0
mf637-2,None,None,1
mf637-2,615,125.27586748742615,2
mf638-2,579,55.13211493910677,0
mf638-2,241,85.02001144904312,1
mf638-2,180,141.2864343532305,2
mf639-2,800,73.59998931253439,0
mf639-2,325,94.39864039819749,1
mf639-2,169,170.24047301371274,2
mf640-2,860,102.02268597710956,0
mf640-2,None,None,1
mf640-2,651,231.89512404296974,2
mf641-1,334,35.616569669169365,0
mf641-1,179,88.05971571670942,1
mf641-1,None,None,2
mf642-2,860,97.3114000863076,0
mf642-2,None,None,1
mf642-2,480,122.40682920785737,2
mf643-2,367,45.09216161914568,0
mf643-2,238,60.582706005805576,1
mf643-2,156,77.96962787752076,2
mf644-1,683,83.40922190613279,0
mf644-1,344,130.4001073313895,1
mf644-1,None,None,2
mf645-2,1026,109.55714374533949,0
mf645-2,567,172.5177306403851,1
mf645-2,271,223.02141386406407,2
mf646-1,620,58.50447260608725,0
mf646-1,337,74.01307585847212,1
mf646-1,None,None,2
mf647-2,280,34.42235204848916,0
mf647-2,203,70.97174263482279,1
mf647-2,98,122.96850179802362,2
mf648-1,1078,106.43582125736322,0
mf648-1,791,182.60026175323836,1
mf648-1,None,None,2
mf649-2,854,93.97185944384506,0
mf649-2,402,161.98835141916078,1
mf649-2,161,336.10288865055117,2
mf650-2,1004,97.10145167526106,0
mf650-2,637,132.19106167563262,1
mf650-2,321,172.68135019071352,2
mf651-2,1071,109.97511965535672,0
mf651-2,None,None,1
mf651-2,640,183.97973898733568,2
mf652-2,379,38.89740546596542,0
mf652-2,None,None,1
mf652-2,260,53.60128005687364,2
mf653,392,34.723097217372,0
mf653,None,None,1
mf653,None,None,2
mf654-1,323,40.1817449541623,0
mf654-1,225,72.69486857447752,1
mf654-1,None,None,2
mf655-2,348,32.04567174436338,0
mf655-2,262,51.66476316715376,1
mf655-2,177,102.15560868546402,2
mf656-2,797,67.48271408508487,0
mf656-2,495,91.75232761490017,1
mf656-2,204,126.90827967802753,2
mf657-2,1187,104.39145143435395,0
mf657-2,626,185.03017090914307,1
mf657-2,433,411.134210358752,2
mf658-2,583,50.96668191433058,0
mf658-2,338,119.73313845686934,1
mf658-2,261,241.98408373870407,2
mf659-2,306,32.37928991073893,0
mf659-2,None,None,1
mf659-2,141,43.18480058019225,2
mf660-1,442,43.18709133816121,0
mf660-1,319,71.57582858567815,1
mf660-1,None,None,2
mf661-2,1215,108.07384386953663,0
mf661-2,537,190.3848123350963,1
mf661-2,399,262.10299766004755,2
mf662-2,421,39.44069641465118,0
mf662-2,274,85.27012255683623,1
mf662-2,186,140.2342734672595,2
mf663-2,1069,114.16374831728011,0
mf663-2,447,193.0745361141331,1
mf663-2,344,323.6084750276937,2
mf664-2,731,64.89182484597104,0
mf664-2,None,None,1
mf664-2,406,100.41619874439493,2
mf665-1,1145,114.1567304006687,0
mf665-1,584,255.9041389944487,1
mf665-1,None,None,2
mf666-1,784,74.39830209798251,0
mf666-1,624,110.21103706899994,1
mf666-1,None,None,2
mf667-2,973,85.6847026477036,0
mf667-2,545,194.31887527339808,1
mf667-2,391,472.1019323269307,2
mf668-2,1126,95.84856452041996,0
mf668-2,643,174.20461230027146,1
mf668-2,278,322.76305489180396,2
mf669-1,530,65.49331598773256,0
mf669-1,279,100.97716106562032,1
mf669-1,None,None,2
mf670-2,792,78.1294449674181,0
mf670-2,401,99.48494516817176,1
mf670-2,160,156.365467330963,2
mf671-2,1136,101.07310541187591,0
mf671-2,563,197.17344416703455,1
mf671-2,331,254.51802389288758,2
mf672-2,1333,117.74665385485905,0
mf672-2,592,156.25534388558629,1
mf672-2,245,207.3667697628696,2
mf673-2,424,51.639466338287946,0
mf673-2,None,None,1
mf673-2,233,73.0331757491842,2
mf674-2,704,77.13395427541923,0
mf674-2,519,141.90002112808708,1
mf674-2,227,243.04133465352882,2
mf675-2,1227,108.76590888322792,0
mf675-2,642,182.59706465825943,1
mf675-2,274,400.1124587902747,2
mf676-2,1031,101.85764301081218,0
mf676-2,780,155.22331833648082,1
mf676-2,403,247.40345561092576,2
mf677-1,278,33.079734105838355,0
mf677-1,178,50.43583315645122,1
mf677-1,None,None,2
mf678-2,722,76.57719419418962,0
mf678-2,None,None,1
mf678-2,528,173.51294946034366,2
mf679-1,960,99.8811868418581,0
mf679-1,634,172.09363660514552,1
mf679-1,None,None,2
mf680-2,876,106.037559493092,0
mf680-2,650,175.62725543112958,1
mf680-2,432,221.49927142176946,2
mf681,609,52.32478757437791,0
mf681,None,None,1
mf681,None,None,2
mf682-2,847,85.02711138112562,0
mf682-2,472,210.65235411649815,1
mf682-2,289,317.9589448963263,2
mf683-2,530,61.24720056617552,0
mf683-2,None,None,1
mf683-2,242,130.6376497788308,2
mf684-2,417,37.342693976873996,0
mf684-2,None,None,1
mf684-2,315,53.48412803375189,2
mf685-2,532,61.525301888958204,0
mf685-2,222,122.1811539916873,1
mf685-2,135,166.7995618125281,2
mf686,725,62.15691331255272,0
mf686,None,None,1
mf686,None,None,2
mf687-1,363,35.20514933834573,0
mf687-1,274,53.02349188516505,1
mf687-1,None,None,2
mf688-2,1348,117.1274876752328,0
mf688-2,649,206.41661743816138,1
mf688-2,490,358.41866453203943,2
mf689-1,687,69.35920101792672,0
mf689-1,294,164.10616779167574,1
mf689-1,None,None,2
mf690-1,655,76.30599405353396,0
mf690-1,403,151.90446910106584,1
mf690-1,None,None,2
mf691-2,734,71.73544019666235,0
mf691-2,304,95.52579547594091,1
mf691-2,214,222.86291085705383,2
mf692-1,767,64.63080115314602,0
mf692-1,407,143.93089411189754,1
mf692-1,None,None,2
mf693-2,851,97.07100312809636,0
mf693-2,None,None,1
mf693-2,402,155.21985546641417,2
mf694-1,695,62.00479497207396,0
mf694-1,491,100.68178340925594,1
mf694-1,None,None,2
mf695-2,414,39.55894400459484,0
mf695-2,323,87.84753991577946,1
mf695-2,157,120.8833935467683,2
mf696-1,958,91.92689299332629,0
mf696-1,535,184.05381165717657,1
mf696-1,None,None,2
mf697-2,348,32.388059441463966,0
mf697-2,231,52.80457371593327,1
mf697-2,113,85.87457311781029,2
mf698-2,558,63.588944877844185,0
mf698-2,231,87.86083159711009,1
mf698-2,176,117.86497329089156,2
mf699-2,561,52.39992337980024,0
mf699-2,447,108.1597746550004,1
mf699-2,256,142.84458185857318,2
mf700-2,325,30.202225252688166,0
mf700-2,199,45.28066908069339,1
mf700-2,101,85.95086060160617,2
mf701-1,492,47.9564520773975,0
mf701-1,328,119.16036718496764,1
mf701-1,None,None,2
mf702-2,667,66.49698942239343,0
mf702-2,272,131.5434354526609,1
mf702-2,167,252.7841050934612,2
mf703-1,1132,119.37381943770318,0
mf703-1,608,198.10285662215742,1
mf703-1,None,None,2
mf704-2,523,57.82524932040242,0
mf704-2,275,83.85673864533203,1
mf704-2,156,139.1177680685294,2
mf705-2,377,45.20482035290198,0
mf705-2,230,90.47163892038874,1
mf705-2,95,125.59179656672863,2
mf706-2,412,47.24639615892138,0
mf706-2,227,82.38695676409155,1
mf706-2,117,191.70801452841016,2
mf707-2,961,81.94540684663534,0
mf707-2,593,191.7557031224738,1
mf707-2,246,269.29584686513465,2
mf708-2,1130,116.67954831593536,0
mf708-2,813,145.9894736650747,1
mf708-2,421,206.69293720405196,2
mf709-2,637,74.04021528486393,0
mf709-2,383,100.17939273115817,1
mf709-2,302,177.87383137758235,2
mf710-2,903,82.95657983802678,0
mf710-2,573,133.5386521061722,1
mf710-2,230,312.4287163461714,2
mf711-2,510,47.05062277961559,0
mf711-2,None,None,1
mf711-2,286,61.31049616058135,2
mf712-1,1143,106.3216435456404,0
mf712-1,511,205.76158380708702,1
mf712-1,None,None,2
mf713-2,598,70.62239905749067,0
mf713-2,477,91.3446166711241,1
mf713-2,216,176.57275730580037,2
mf714-1,430,41.452910573825385,0
mf714-1,229,70.94862243585585,1
mf714-1,None,None,2
mf715-2,451,43.82733112082032,0
mf715-2,192,101.68031418193502,1
mf715-2,77,234.81539590142978,2
mf716-2,376,46.51123238676948,0
mf716-2,186,60.444333228457204,1
mf716-2,122,98.85941272918316,2
mf717-2,1147,105.2525639138242,0
mf717-2,592,261.85732128579957,1
mf717-2,442,586.2697094725307,2
mf718-2,777,65.05708543769514,0
mf718-2,382,136.4982969321479,1
mf718-2,255,179.55389252185242,2
mf719-2,470,46.930791705680065,0
mf719-2,316,85.50517798785691,1
mf719-2,140,137.74809246686775,2
mf720-2,908,77.40919931913427,0
mf720-2,531,112.28961232562084,1
mf720-2,395,178.0186579805629,2
mf721-1,870,88.26677633737188,0
mf721-1,671,188.87975884087277,1
mf721-1,None,None,2
mf722-2,911,103.95314322708371,0
mf722-2,None,None,1
mf722-2,424,222.29032552129556,2
mf723-2,416,51.18518310097186,0
mf723-2,213,90.30309741361523,1
mf723-2,85,175.10151649408587,2
mf724-2,408,38.93601546671539,0
mf724-2,285,79.06572041501003,1
mf724-2,116,112.543821080933,2
mf725-2,606,54.57292084078584,0
mf725-2,471,81.2237388770942,1
mf725-2,278,130.18817490883217,2
mf726-2,472,55.48202079796579,0
mf726-2,301,125.50662520534966,1
mf726-2,211,188.22215336116741,2
mf727-2,357,41.806031551242285,0
mf727-2,266,76.82463580444019,1
mf727-2,211,113.36623210399259,2
mf728-1,951,86.10199435524677,0
mf728-1,743,173.45066481601165,1
mf728-1,None,None,2
mf729-2,865,82.8149616334791,0
mf729-2,407,108.84767643398456,1
mf729-2,278,166.29821500857784,2
mf730-1,620,52.49852093133929,0
mf730-1,423,77.64297198521571,1
mf730-1,None,None,2
mf731-2,1137,103.52501702708877,0
mf731-2,None,None,1
mf731-2,540,154.81750710450666,2
mf732-1,523,49.70750163560376,0
mf732-1,347,74.78403694818863,1
mf732-1,None,None,2
mf733-1,678,58.09589924327189,0
mf733-1,454,137.296104985983,1
mf733-1,None,None,2
mf734-1,732,85.50496073404948,0
mf734-1,515,181.43470815711925,1
mf734-1,None,None,2
mf735-2,1146,96.20077566807068,0
mf735-2,541,191.00968185278336,1
mf735-2,278,252.10848927821937,2
mf736-1,1107,107.33537068253004,0
mf736-1,834,165.18937349283084,1
mf736-1,None,None,2
mf737-2,497,42.01614727380795,0
mf737-2,None,None,1
mf737-2,284,55.76405532370405,2
mf738-2,324,34.52598646985327,0
mf738-2,209,58.47282234152967,1
mf738-2,100,124.85952480372036,2
mf739-2,1287,112.75453162216411,0
mf739-2,800,216.74254274657864,1
mf739-2,400,293.67250320538903,2
mf740-2,1060,109.7087439035494,0
mf740-2,822,209.22826685594436,1
mf740-2,502,283.2025938763921,2
mf741-2,502,53.18009725909941,0
mf741-2,263,125.31780653475683,1
mf741-2,111,172.53019974959716,2
mf742-2,958,100.44209792670479,0
mf742-2,540,128.69228147513405,1
mf742-2,395,320.6098753991371,2
mf743-1,930,103.48954907010489,0
mf743-1,403,202.91502522251955,1
mf743-1,None,None,2
mf744-1,923,104.48757949556358,0
mf744-1,537,139.31689221358175,1
mf744-1,None,None,2
mf745,942,109.12934364217088,0
mf745,None,None,1
mf745,None,None,2
mf746-2,399,48.76450750405183,0
mf746-2,288,100.09698703971657,1
mf746-2,144,241.14408161787364,2
mf747-2,886,88.87458559322937,0
mf747-2,690,133.4355801695139,1
mf747-2,490,261.63211611132084,2
mf748-1,299,35.408551378202105,0
mf748-1,174,68.15042911814197,1
mf748-1,None,None,2
mf749-2,617,66.54658338014738,0
mf749-2,462,86.80792251972655,1
mf749-2,350,133.44203327079742,2
mf750-2,893,96.28170714877956,0
mf750-2,697,129.48859696002702,1
mf750-2,466,233.02735001523962,2
mf751-2,306,34.50526536522276,0
mf751-2,192,51.928949204627344,1
mf751-2,96,93.85429505516333,2
mf752-1,679,75.26171729297523,0
mf752-1,489,108.28770500437452,1
mf752-1,None,None,2
mf753-2,436,43.40654451352883,0
mf753-2,None,None,1
mf753-2,348,70.1998388056997,2
mf754-2,420,46.796053325685776,0
mf754-2,None,None,1
mf754-2,260,61.50677868766448,2
mf755-2,1243,118.03600204519125,0
mf755-2,690,154.65909339185492,1
mf755-2,374,241.46040663875462,2
mf756-1,888,87.61982203266982,0
mf756-1,542,118.7346601508998,1
mf756-1,None,None,2
mf757-1,653,73.76759578846571,0
mf757-1,468,95.35110822423177,1
mf757-1,None,None,2
mf758-2,714,83.46241507501358,0
mf758-2,561,116.2336016136464,1
mf758-2,383,196.40875196441323,2
mf759-1,986,90.15497453377806,0
mf759-1,636,118.19477785626901,1
mf759-1,None,None,2
mf760-1,739,91.2497477790798,0
mf760-1,575,134.54788007706634,1
mf760-1,None,None,2
mf761-1,674,64.7509811085375,0
mf761-1,426,87.98255748705077,1
mf761-1,None,None,2
mf762-1,810,89.10439538436944,0
mf762-1,609,143.91302516048867,1
mf762-1,None,None,2
mf763-2,548,52.32890641373457,0
mf763-2,378,100.87158906624886,1
mf763-2,232,166.5390669372437,2
mf764-2,722,83.38721537871996,0
mf764-2,471,152.57079739027833,1
mf764-2,367,279.69809515173546,2
mf765-2,269,32.804401052087876,0
mf765-2,186,78.33694240306414,1
mf765-2,139,112.58062279079466,2
mf766-1,405,33.99480896342881,0
mf766-1,287,75.84858432602626,1
mf766-1,None,None,2
mf767-2,606,63.672745362820685,0
mf767-2,269,117.17161627940891,1
mf767-2,111,182.9286501291052,2
mf768-1,466,52.45649418421823,0
mf768-1,353,127.25165783271572,1
mf768-1,None,None,2
mf769,1202,119.41868450593596,0
mf769,None,None,1
mf769,None,None,2
mf770,726,83.87348246050212,0
mf770,None,None,1
mf770,None,None,2
mf771-1,920,80.23075238134335,0
mf771-1,378,150.018597724894,1
mf771-1,None,None,2
mf772-1,600,56.041460664043306,0
mf772-1,269,79.65122287495704,1
mf772-1,None,None,2
mf773-2,576,59.77484579918308,0
mf773-2,291,128.3979282398192,1
mf773-2,180,161.9655605487064,2
mf774-1,461,43.73639467953505,0
mf774-1,258,98.79820085105837,1
mf774-1,None,None,2
mf775-1,970,83.61005082025025,0
mf775-1,661,141.37989249724302,1
mf775-1,None,None,2
mf776-2,570,48.825818777452234,0
mf776-2,237,87.80770686613714,1
mf776-2,131,118.67586636110228,2
mf777-1,1068,117.85250352723516,0
mf777-1,542,233.663409946449,1
mf777-1,None,None,2
mf778-2,577,63.79290394290304,0
mf778-2,268,92.75497852470069,1
mf778-2,176,115.9446325936939,2
mf779-2,807,82.16669004835859,0
mf779-2,None,None,1
mf779-2,542,162.45602355972161,2
mf780-2,414,41.137745088503245,0
mf780-2,175,56.44924251901901,1
mf780-2,116,138.27123524417553,2
mf781-2,848,76.87689848689791,0
mf781-2,None,None,1
mf781-2,399,167.54005784423708,2
mf782-2,1292,111.93446655673009,0
mf782-2,587,253.28558534992393,1
mf782-2,275,347.4741839164517,2
mf783-2,542,51.01665377338105,0
mf783-2,404,69.52940202990212,1
mf783-2,180,119.1214810592226,2
mf784-1,1120,113.37976553293522,0
mf784-1,754,172.1426029193384,1
mf784-1,None,None,2
mf785-2,721,77.37698313060102,0
mf785-2,491,123.08695966953603,1
mf785-2,290,166.89747870649222,2
mf786-1,816,94.51578622501943,0
mf786-1,449,168.05929013489748,1
mf786-1,None,None,2
mf787-2,1064,108.3972153523925,0
mf787-2,784,214.19789594440394,1
mf787-2,334,294.84122821330146,2
mf788-2,431,44.69574263238704,0
mf788-2,None,None,1
mf788-2,266,91.1788730863553,2
mf789-2,531,59.0954901276374,0
mf789-2,219,108.8574585527391,1
mf789-2,121,173.75341413336668,2
mf790,1295,111.17669138986349,0
mf790,None,None,1
mf790,None,None,2
mf791-1,721,82.8789180968651,0
mf791-1,429,121.80388321694852,1
mf791-1,None,None,2
mf792-1,754,78.8977856821551,0
mf792-1,571,107.75193158568081,1
mf792-1,None,None,2
mf793-2,1016,104.88975317790873,0
mf793-2,667,165.68103731813568,1
mf793-2,520,245.94225460854784,2
mf794-2,632,63.63755840426739,0
mf794-2,411,137.91471396398447,1
mf794-2,174,187.8265248466304,2
mf795-2,754,82.21438186148151,0
mf795-2,468,137.31889913038677,1
mf795-2,231,342.0818711902892,2
mf796-1,633,54.09735911444556,0
mf796-1,448,72.92895310170087,1
mf796-1,None,None,2
mf797-2,738,89.36983214958305,0
mf797-2,436,144.12018075756396,1
mf797-2,203,180.88947629118888,2
mf798-2,294,30.48696935312781,0
mf798-2,155,53.61763497618305,1
mf798-2,121,105.9418026061099,2
mf799-1,984,114.37840429139484,0
mf799-1,741,233.5401774614616,1
mf799-1,None,None,2
mf800-2,906,93.8287372767503,0
mf800-2,564,132.9779073078389,1
mf800-2,288,285.61851553408115,2
mf801-2,1280,112.35214430002934,0
mf801-2,None,None,1
mf801-2,948,161.6344343130678,2
mf802-2,1007,108.09083395173067,0
mf802-2,None,None,1
mf802-2,679,156.85623374797723,2
mf803-1,1115,110.55533988212537,0
mf803-1,636,174.0427083837716,1
mf803-1,None,None,2
mf804-2,833,87.52864423160301,0
mf804-2,494,170.0905219995028,1
mf804-2,285,330.38643359064133,2
mf805-2,949,80.38700966558119,0
mf805-2,658,144.29349743586008,1
mf805-2,322,208.1370621149285,2
mf806,910,96.53541942146644,0
mf806,None,None,1
mf806,None,None,2
mf807-2,547,56.525495832084246,0
mf807-2,356,113.03940404750968,1
mf807-2,223,218.962434011356,2
mf808-2,885,101.04125781368968,0
mf808-2,598,134.76906732016036,1
mf808-2,477,253.4757584192493,2
mf809-2,593,69.89465277364707,0
mf809-2,None,None,1
mf809-2,470,105.33449280619404,2
mf810-2,815,86.07890324556399,0
mf810-2,511,157.85820550461594,1
mf810-2,270,337.1610161201871,2
mf811-2,401,37.00584688354079,0
mf811-2,168,80.94682794698775,1
mf811-2,107,111.33634863744817,2
mf812-2,695,63.44675798021487,0
mf812-2,505,105.93647668029048,1
mf812-2,332,141.44021606810108,2
mf813-2,722,68.99708879625686,0
mf813-2,296,145.92470848199088,1
mf813-2,171,310.20088706244013,2
mf814-2,547,54.54507463728533,0
mf814-2,373,79.24925885390991,1
mf814-2,292,150.34953599929676,2
mf815-1,1168,105.9885479253513,0
mf815-1,666,164.00170660653998,1
mf815-1,None,None,2
mf816-2,326,35.06044810349853,0
mf816-2,167,55.214443726556766,1
mf816-2,95,84.83128498683469,2
mf817-2,762,70.95710284479675,0
mf817-2,323,91.59010604593496,1
mf817-2,177,194.50784539372285,2
mf818-1,404,34.84199759971662,0
mf818-1,186,50.35835205885952,1
mf818-1,None,None,2
mf819-2,719,74.71344378894256,0
mf819-2,434,95.54269021282597,1
mf819-2,194,211.78239905064007,2
mf820-1,457,48.847934696292256,0
mf820-1,205,74.21258087487656,1
mf820-1,None,None,2
mf821-2,401,48.7012001881879,0
mf821-2,230,88.31251666118163,1
mf821-2,152,113.95685066375914,2
mf822-1,737,84.95159069061361,0
mf822-1,331,106.66838289353743,1
mf822-1,None,None,2
mf823-2,644,63.57020803042259,0
mf823-2,450,103.77255041603945,1
mf823-2,246,234.37690862597677,2
mf824-1,888,79.49714754908928,0
mf824-1,552,102.29171709170453,1
mf824-1,None,None,2
mf825,976,85.28054763149783,0
mf825,None,None,1
mf825,None,None,2
mf826-1,1060,108.70573181016289,0
mf826-1,652,158.51525221619644,1
mf826-1,None,None,2
mf827-1,977,104.67868036111949,0
mf827-1,471,138.7030153071316,1
mf827-1,None,None,2
mf828,842,83.66628799663488,0
mf828,None,None,1
mf828,None,None,2
mf829,292,36.231451851165474,0
mf829,None,None,1
mf829,None,None,2
mf830-1,740,66.96873576671851,0
mf830-1,392,120.88795990270565,1
mf830-1,None,None,2
mf831-2,584,56.300796706550585,0
mf831-2,269,80.28967150111413,1
mf831-2,202,105.59646888561525,2
mf832-2,724,62.475271834722804,0
mf832-2,504,84.60102027287,1
mf832-2,274,106.81057308616002,2
mf833-2,316,32.106582646498204,0
mf833-2,None,None,1
mf833-2,164,76.67403865712217,2
mf834-2,996,98.65224023494652,0
mf834-2,518,188.27100240822574,1
mf834-2,371,286.0188309395828,2
mf835-2,496,54.026805908112934,0
mf835-2,305,90.91624318983582,1
mf835-2,135,165.9472895999318,2
mf836-1,703,70.19443883876818,0
mf836-1,374,100.03356112506638,1
mf836-1,None,None,2
mf837-2,899,107.73715221868855,0
mf837-2,543,157.7482976462874,1
mf837-2,285,280.43682663752986,2
mf838-2,414,47.346159200007186,0
mf838-2,210,62.2670893740219,1
mf838-2,92,78.13626279184633,2
mf839-2,1086,95.44936937624156,0
mf839-2,760,171.89743642635284,1
mf839-2,435,269.11666257317586,2
mf840-2,847,93.66375825360095,0
mf840-2,572,162.00430570578524,1
mf840-2,457,276.5225382512012,2
mf841-2,1142,109.9397706231937,0
mf841-2,None,None,1
mf841-2,688,195.01839095905248,2
mf842-2,631,54.0941923089469,0
mf842-2,473,82.75471637449793,1
mf842-2,359,166.72843899066538,2
mf843-2,337,34.0815504097892,0
mf843-2,217,48.10203838062736,1
mf843-2,118,98.03638413937104,2
mf844-1,574,64.88705058990556,0
mf844-1,386,93.36807727589839,1
mf844-1,None,None,2
mf845-1,863,95.62193449286613,0
mf845-1,373,182.91711084980795,1
mf845-1,None,None,2
mf846-2,438,51.971023573912824,0
mf846-2,318,86.19546577518325,1
mf846-2,128,136.65711673381347,2
mf847-2,1114,112.56444247573233,0
mf847-2,850,159.80602029160985,1
mf847-2,673,247.39526977222192,2
mf848-2,872,84.82789894123744,0
mf848-2,None,None,1
mf848-2,540,143.7249024710703,2
mf849-1,323,30.15040597666254,0
mf849-1,163,55.177130246509904,1
mf849-1,None,None,2
mf850-1,1054,112.47752767782224,0
mf850-1,597,229.6891667246112,1
mf850-1,None,None,2
mf851-2,289,35.61377927569966,0
mf851-2,133,50.90067541795936,1
mf851-2,90,72.80829635146955,2
mf852-2,1198,110.95611955073062,0
mf852-2,817,182.0669112015834,1
mf852-2,375,291.31026095109416,2
mf853-2,1347,118.22263530897791,0
mf853-2,908,189.96504325702026,1
mf853-2,411,250.70501817972993,2
mf854-1,1075,104.09432121754332,0
mf854-1,471,160.71368681635622,1
mf854-1,None,None,2
mf855-1,650,58.78241942953713,0
mf855-1,419,104.8084685734151,1
mf855-1,None,None,2
mf856-2,972,117.74322702135123,0
mf856-2,614,192.61000808876665,1
mf856-2,354,463.2914860670581,2
mf857-2,394,37.65729720499766,0
mf857-2,176,61.984155783340405,1
mf857-2,85,121.33546725355123,2
mf858-1,915,96.02904116968523,0
mf858-1,722,147.60911281156595,1
mf858-1,None,None,2
mf859-2,466,52.13790674371974,0
mf859-2,None,None,1
mf859-2,299,75.34265005547401,2
mf860-2,752,76.55488559721675,0
mf860-2,415,163.5403637513196,1
mf860-2,322,349.06575857862924,2
mf861-2,473,55.740073044845865,0
mf861-2,304,70.89374414717312,1
mf861-2,202,106.05186464377736,2
mf862-2,529,49.60198853366796,0
mf862-2,411,72.17500109463063,1
mf862-2,300,140.74202940947475,2
mf863-2,1005,86.5808634990606,0
mf863-2,None,None,1
mf863-2,800,137.3211268431278,2
mf864-2,1369,115.40170970632768,0
mf864-2,None,None,1
mf864-2,842,270.66375982669615,2
mf865-1,876,81.11203131392193,0
mf865-1,623,174.0758342344664,1
mf865-1,None,None,2
mf866-1,348,37.66055889145045,0
mf866-1,251,52.4284786704264,1
mf866-1,None,None,2
mf867-2,615,60.053568861163306,0
mf867-2,None,None,1
mf867-2,415,102.62879724474469,2
mf868-2,455,39.80404636960364,0
mf868-2,244,66.54167972834783,1
mf868-2,162,118.64779325968252,2
mf869-1,324,39.28321561784461,0
mf869-1,210,50.31875873801929,1
mf869-1,None,None,2
mf870-2,837,70.64169439656122,0
mf870-2,None,None,1
mf870-2,506,173.32590479101177,2
mf871-2,668,73.92587401716466,0
mf871-2,336,118.92926942785867,1
mf871-2,234,253.91306630893408,2
mf872-1,414,44.24275079309126,0
mf872-1,178,58.06744405363867,1
mf872-1,None,None,2
mf873-2,1064,97.16562379763064,0
mf873-2,718,183.28861827378427,1
mf873-2,316,409.4466151999693,2
mf874-1,1198,104.46322557493264,0
mf874-1,623,230.04145953963442,1
mf874-1,None,None,2
mf875-2,301,30.907885219577697,0
mf875-2,172,70.23640372850247,1
mf875-2,96,165.17822095090307,2
mf876-2,496,52.430724571855414,0
mf876-2,None,None,1
mf876-2,351,100.33493530308309,2
mf877-1,268,32.295910298088266,0
mf877-1,132,61.33311808313313,1
mf877-1,None,None,2
mf878-1,503,57.24234596816474,0
mf878-1,397,71.67875303070532,1
mf878-1,None,None,2
mf879-2,592,70.7238175864747,0
mf879-2,436,141.428003766277,1
mf879-2,188,249.896912759334,2
mf880-2,737,87.91924489496455,0
mf880-2,None,None,1
mf880-2,384,116.33572502106671,2
mf881-2,699,75.32475321508338,0
mf881-2,468,126.4456245475966,1
mf881-2,212,230.10208986894008,2
mf882-2,717,78.89127079286274,0
mf882-2,367,149.7122960251555,1
mf882-2,173,292.2108859226693,2
mf883-1,678,66.11150501923622,0
mf883-1,290,151.30669848410295,1
mf883-1,None,None,2
mf884-1,644,69.5535143817647,0
mf884-1,306,151.34282018175466,1
mf884-1,None,None,2
mf885-1,1115,105.562985359304,0
mf885-1,452,218.4501038634491,1
mf885-1,None,None,2
mf886,614,66.09559141663986,0
mf886,None,None,1
mf886,None,None,2
mf887-2,448,43.648706467746734,0
mf887-2,313,57.71639789438759,1
mf887-2,193,81.98279772346916,2
mf888-2,508,60.2009741478281,0
mf888-2,274,92.95420430761857,1
mf888-2,112,120.9952695430928,2
mf889-2,915,95.79466080113829,0
mf889-2,397,152.08165148376509,1
mf889-2,251,198.2524797413773,2
mf890-2,680,83.88179331291012,0
mf890-2,301,113.07127591778759,1
mf890-2,177,213.93863498524263,2
mf891-2,477,58.110965793236815,0
mf891-2,229,77.4826747009836,1
mf891-2,123,123.97044668863094,2
mf892,745,76.40074285307534,0
mf892,None,None,1
mf892,None,None,2
mf893-2,948,112.39284121284302,0
mf893-2,516,178.79193988011173,1
mf893-2,263,309.79664394650143,2
mf894-2,487,45.08305322420408,0
mf894-2,372,62.913092044759345,1
mf894-2,175,84.90286795906911,2
mf895-1,715,69.69440921544044,0
mf895-1,560,156.4422051848106,1
mf895-1,None,None,2
mf896-2,955,88.37038992876725,0
mf896-2,587,141.57478187424192,1
mf896-2,262,189.33664839538872,2
mf897-2,883,90.79862012593247,0
mf897-2,585,156.13245623977954,1
mf897-2,430,276.40776064276236,2
mf898-2,289,31.813434200743927,0
mf898-2,None,None,1
mf898-2,204,51.11118640258467,2
mf899-2,1180,107.62572165511482,0
mf899-2,865,134.58425672727992,1
mf899-2,390,177.67758321164382,2
mf900-1,753,78.47645362487535,0
mf900-1,509,104.61111229277587,1
mf900-1,None,None,2
mf901,1024,115.26475264569837,0
mf901,None,None,1
mf901,None,None,2
mf902-1,776,80.96684870449323,0
mf902-1,533,157.6633574170275,1
mf902-1,None,None,2
mf903-2,575,52.380846638160264,0
mf903-2,389,66.29807611152303,1
mf903-2,203,103.40780701162456,2
mf904-2,929,79.90704514714147,0
mf904-2,495,162.06394334978242,1
mf904-2,354,278.8690505964522,2
mf905-2,1072,89.49521701068055,0
mf905-2,None,None,1
mf905-2,784,170.5740153557966,2
mf906-2,1029,93.10961120629511,0
mf906-2,748,170.65555148143218,1
mf906-2,344,231.090782735624,2
mf907-2,972,97.95052047525772,0
mf907-2,641,178.21186806124527,1
mf907-2,316,425.1549866825588,2
mf908-1,714,88.92349885237121,0
mf908-1,506,185.66059143731758,1
mf908-1,None,None,2
mf909-1,925,112.70249717067472,0
mf909-1,536,150.48901020718685,1
mf909-1,None,None,2
mf910-1,484,46.07014753726363,0
mf910-1,374,65.0279446177541,1
mf910-1,None,None,2
mf911-2,1199,109.83502060765377,0
mf911-2,None,None,1
mf911-2,737,173.67640996238157,2
mf912-2,727,78.57145933305557,0
mf912-2,302,124.32225806902572,1
mf912-2,172,299.4709748650266,2
mf913-2,967,104.80296698725903,0
mf913-2,552,166.9664536494271,1
mf913-2,406,347.76440252319344,2
mf914-2,756,70.78584083715761,0
mf914-2,350,124.76931599834779,1
mf914-2,276,189.75910764880226,2
mf915-2,855,95.31471485723364,0
mf915-2,493,225.16313269027086,1
mf915-2,298,357.74729456591564,2
mf916-1,1082,93.63716319415977,0
mf916-1,435,138.04035286494354,1
mf916-1,None,None,2
mf917-2,678,70.62638360105414,0
mf917-2,409,117.45354391914468,1
mf917-2,256,250.81201298295127,2
mf918-2,733,63.68775146955236,0
mf918-2,320,111.1447392811671,1
mf918-2,255,216.01535540984995,2
mf919-2,395,40.20177338108614,0
mf919-2,250,96.41767616519476,1
mf919-2,183,226.6784045260299,2
mf920-2,736,77.36650738182985,0
mf920-2,518,146.8119297998625,1
mf920-2,338,331.35061994855494,2
mf921-2,971,107.89675693276166,0
mf921-2,454,178.5251871676333,1
mf921-2,308,271.7931372996248,2
mf922-2,895,77.64134893592959,0
mf922-2,610,107.52077370098885,1
mf922-2,482,261.98764115853146,2
mf923-2,505,55.589342367350355,0
mf923-2,336,116.61176073762304,1
mf923-2,253,213.03686843684946,2
mf924-2,1168,105.00337379838962,0
mf924-2,None,None,1
mf924-2,641,187.4260136990767,2
mf925-2,407,35.35904175885493,0
mf925-2,200,50.69290887843153,1
mf925-2,145,66.97695310732091,2
mf926-1,985,109.8854354286751,0
mf926-1,469,224.18087629199772,1
mf926-1,None,None,2
mf927-1,819,100.96491522572711,0
mf927-1,452,152.39301241349983,1
mf927-1,None,None,2
mf928-2,891,88.99807970415814,0
mf928-2,468,193.97948722144932,1
mf928-2,324,244.2588776331565,2
mf929-2,403,34.10101341243568,0
mf929-2,None,None,1
mf929-2,241,65.0981949855255,2
mf930-2,486,49.9461028876411,0
mf930-2,261,69.0331443312168,1
mf930-2,193,158.99771882800889,2
mf931-2,1205,108.54476379760891,0
mf931-2,895,256.5095025019409,1
mf931-2,391,524.8724187199971,2
mf932-2,363,33.1427270911898,0
mf932-2,None,None,1
mf932-2,201,50.91622144826327,2
mf933-1,373,42.16890270321761,0
mf933-1,188,66.3196577999038,1
mf933-1,None,None,2
mf934-2,758,94.2695175994868,0
mf934-2,567,180.7890599856109,1
mf934-2,230,373.0616190814997,2
mf935-2,555,53.49726598913101,0
mf935-2,None,None,1
mf935-2,287,76.73273532508446,2
mf936-2,308,33.53306978969704,0
mf936-2,129,43.24020646853868,1
mf936-2,79,79.83877081960138,2
mf937-2,1069,98.43032903269905,0
mf937-2,None,None,1
mf937-2,730,134.99938421729897,2
mf938-1,800,89.8061446460349,0
mf938-1,478,196.41366119523482,1
mf938-1,None,None,2
mf939-2,987,90.2905656072464,0
mf939-2,668,142.4528797783636,1
mf939-2,317,263.5734716796134,2
mf940-2,1345,115.4898002464693,0
mf940-2,881,169.8710646472133,1
mf940-2,555,325.45202697150614,2
mf941,862,86.85754259611609,0
mf941,None,None,1
mf941,None,None,2
mf942-2,561,54.50722560358241,0
mf942-2,362,76.32505770638788,1
mf942-2,198,162.1538836384996,2
mf943-2,565,66.52418512953787,0
mf943-2,361,107.28288571176415,1
mf943-2,250,212.8237521707455,2
mf944-2,893,79.7765150400056,0
mf944-2,574,160.16968661514113,1
mf944-2,302,287.2877884913303,2
mf945-2,295,35.513733791541725,0
mf945-2,118,60.81671405742997,1
mf945-2,58,94.63139525615694,2
mf946-2,736,81.8572689278887,0
mf946-2,360,118.9931714329806,1
mf946-2,169,189.8001092421332,2
mf947-2,808,70.31774929022895,0
mf947-2,542,166.24235688662546,1
mf947-2,308,322.6993352481521,2
mf948-2,396,37.280288565760486,0
mf948-2,256,75.70541583855207,1
mf948-2,125,155.31539723087593,2
mf949-2,944,101.34771661480214,0
mf949-2,656,191.83155294936535,1
mf949-2,462,302.5753262237834,2
mf950-1,365,43.63947793454571,0
mf950-1,212,69.93730109491447,1
mf950-1,None,None,2
mf951-2,386,45.37913124584276,0
mf951-2,None,None,1
mf951-2,208,64.2876254036682,2
mf952-2,828,81.35940316902403,0
mf952-2,508,178.25232490668938,1
mf952-2,314,381.13735086232174,2
mf953-1,554,61.34714948318634,0
mf953-1,225,94.70599374447059,1
mf953-1,None,None,2
mf954-2,371,32.58888978752884,0
mf954-2,182,46.64062545498383,1
mf954-2,127,70.26256807266421,2
mf955-2,1305,110.39219133868917,0
mf955-2,838,275.3905515385233,1
mf955-2,643,687.9075820866772,2
mf956-2,761,87.57779651544811,0
mf956-2,582,141.39222121306972,1
mf956-2,328,212.50053357375464,2
mf957-2,613,64.02918735877608,0
mf957-2,321,96.66223049156135,1
mf957-2,245,139.90623951778463,2
mf958-2,627,60.93277669099709,0
mf958-2,None,None,1
mf958-2,272,84.2529132566253,2
mf959-2,1091,105.14632483104195,0
mf959-2,None,None,1
mf959-2,675,181.65682851507077,2
mf960-2,1059,93.51309698939825,0
mf960-2,592,139.84659624863855,1
mf960-2,252,193.19727597355407,2
mf961-2,379,43.644608771966794,0
mf961-2,293,63.81363692512538,1
mf961-2,118,92.23794867153738,2
mf962-2,1354,118.04119521174026,0
mf962-2,983,196.7585057012163,1
mf962-2,542,260.75664613462357,2
mf963-2,644,57.49239247163163,0
mf963-2,None,None,1
mf963-2,333,72.21918104540526,2
mf964-2,646,54.61392598242266,0
mf964-2,None,None,1
mf964-2,511,85.09279815667583,2
mf965-2,929,94.83729320322718,0
mf965-2,451,119.60796187462178,1
mf965-2,236,189.66203648847554,2
mf966-1,310,33.64859914886547,0
mf966-1,157,47.23104426122284,1
mf966-1,None,None,2
mf967-2,523,46.83893830095785,0
mf967-2,222,79.6899135877213,1
mf967-2,176,118.68710569974787,2
mf968-1,1047,104.13489713255821,0
mf968-1,748,164.32538844408955,1
mf968-1,None,None,2
mf969-2,648,56.37866817702402,0
mf969-2,384,71.64621855935518,1
mf969-2,222,100.01198667019793,2
mf970-2,925,87.34586590771727,0
mf970-2,494,216.04579101280893,1
mf970-2,375,470.6308659070902,2
mf971-2,684,61.778057701995905,0
mf971-2,544,144.58316350260975,1
mf971-2,274,272.17064165933584,2
mf972,426,39.90925023821863,0
mf972,None,None,1
mf972,None,None,2
mf973-2,868,107.58962916798896,0
mf973-2,568,219.59731961316092,1
mf973-2,383,338.00066232801686,2
mf974-2,655,58.781934042166526,0
mf974-2,523,77.13707468161539,1
mf974-2,364,128.0476334886053,2
mf975-2,1129,105.14245781086998,0
mf975-2,None,None,1
mf975-2,777,207.55201838171936,2
mf976,744,86.39578142688029,0
mf976,None,None,1
mf976,None,None,2
mf977-2,571,67.27880758782953,0
mf977-2,372,119.33617533749727,1
mf977-2,160,207.31342754982975,2
mf978-1,906,103.05535245480016,0
mf978-1,370,135.01641738044208,1
mf978-1,None,None,2
mf979-2,692,65.35346958544406,0
mf979-2,517,138.31054599851356,1
mf979-2,349,219.8906910751939,2
mf980-1,1038,113.12883625079476,0
mf980-1,788,185.05373681519598,1
mf980-1,None,None,2
mf981-1,731,74.25429904086127,0
mf981-1,423,112.07265845442399,1
mf981-1,None,None,2
mf982-2,1074,107.88130157497599,0
mf982-2,616,183.99956600802452,1
mf982-2,440,384.12025285981974,2
mf983-2,651,79.85880714430313,0
mf983-2,479,138.1542054718318,1
mf983-2,220,314.02379602085836,2
mf984-2,851,86.5242729348961,0
mf984-2,None,None,1
mf984-2,534,122.16195972736062,2
mf985-2,614,66.58816457397145,0
mf985-2,262,84.80699380844564,1
mf985-2,118,144.8676939011275,2
mf986-2,592,72.01955925512868,0
mf986-2,437,138.23739493760064,1
mf986-2,201,203.25648137050536,2
mf987-1,366,43.939647616192076,0
mf987-1,214,57.62011728163069,1
mf987-1,None,None,2
mf988,1217,114.98769735640057,0
mf988,None,None,1
mf988,None,None,2
mf989-2,473,42.220750651630894,0
mf989-2,None,None,1
mf989-2,338,86.59848345354982,2
mf990-2,1072,117.77571013332714,0
mf990-2,665,194.25865972367538,1
mf990-2,269,254.73195601366055,2
mf991-1,1184,114.43324847212808,0
mf991-1,584,146.06735613048778,1
mf991-1,None,None,2
mf992-2,1061,118.82918672439457,0
mf992-2,794,158.1569578025243,1
mf992-2,381,323.8132165933533,2
mf993-1,826,101.98037119146659,0
mf993-1,470,159.26800663621077,1
mf993-1,None,None,2
mf994-2,389,36.744417846765515,0
mf994-2,None,None,1
mf994-2,167,59.60165374307206,2
mf995-2,316,38.07913238584385,0
mf995-2,164,68.29449826583883,1
mf995-2,109,112.96413922547886,2
mf996-2,332,31.580077114517092,0
mf996-2,164,41.94378227518734,1
mf996-2,80,103.36905818475908,2
mf997-2,755,67.68558435183725,0
mf997-2,505,137.49443519733725,1
mf997-2,399,184.76739252978533,2
mf998,512,57.75777880128254,0
mf998,None,None,1
mf998,None,None,2
mf999-1,813,74.025099813266,0
mf999-1,540,124.73217361858212,1
mf999-1,None,None,2
